ticker,expiry,dte,k1,k2,k3,wing_left,wing_right,credit,max_profit,max_loss,score
SPY,2025-12-01,7,360,484,490,124,6,89.04,8904.0,3496.0,2.5469
SPY,2025-11-29,5,360,484,490,124,6,88.69,8869.0,3531.0,2.5118
SPY,2025-11-29,5,360,484,503,124,19,88.63,8863.0,3537.0,2.5058
SPY,2025-12-01,7,360,484,497,124,13,88.45,8845.0,3555.0,2.488
SPY,2025-12-01,7,360,484,503,124,19,88.38,8838.0,3562.0,2.4812
SPY,2025-11-29,5,360,484,509,124,25,88.29,8829.0,3571.0,2.4724
SPY,2025-11-29,5,360,484,497,124,13,88.29,8829.0,3571.0,2.4724
SPY,2025-11-27,3,360,484,490,124,6,88.24,8824.0,3576.0,2.4676
SPY,2025-11-29,5,360,484,540,124,56,88.23,8823.0,3577.0,2.4666
SPY,2025-11-29,5,360,484,521,124,37,88.18,8818.0,3582.0,2.4618
SPY,2025-12-01,7,360,484,509,124,25,88.11,8811.0,3589.0,2.455
SPY,2025-11-29,5,360,484,528,124,44,88.09,8809.0,3591.0,2.4531
SPY,2025-11-29,5,360,484,534,124,50,88.08,8808.0,3592.0,2.4521
SPY,2025-12-01,7,360,484,528,124,44,88.07,8807.0,3593.0,2.4512
SPY,2025-12-01,7,360,484,521,124,37,88.05,8805.0,3595.0,2.4492
SPY,2025-12-01,7,360,484,534,124,50,87.97,8797.0,3603.0,2.4416
SPY,2025-12-01,7,360,484,515,124,31,87.93,8793.0,3607.0,2.4378
SPY,2025-11-27,3,360,484,509,124,25,87.9,8790.0,3610.0,2.4349
SPY,2025-11-27,3,360,484,528,124,44,87.89,8789.0,3611.0,2.434
SPY,2025-12-01,7,360,484,540,124,56,87.87,8787.0,3613.0,2.4321
SPY,2025-11-29,5,360,484,515,124,31,87.87,8787.0,3613.0,2.4321
SPY,2025-11-27,3,360,484,515,124,31,87.87,8787.0,3613.0,2.4321
SPY,2025-11-27,3,360,484,503,124,19,87.81,8781.0,3619.0,2.4264
SPY,2025-11-27,3,360,484,540,124,56,87.74,8774.0,3626.0,2.4197
SPY,2025-11-27,3,360,484,521,124,37,87.7,8770.0,3630.0,2.416
SPY,2025-11-27,3,360,484,497,124,13,87.69,8769.0,3631.0,2.415
SPY,2025-11-27,3,360,484,534,124,50,87.61,8761.0,3639.0,2.4075
SPY,2025-12-01,7,366,484,490,118,6,83.27,8327.0,3473.0,2.3976
SPY,2025-11-29,5,366,484,490,118,6,82.69,8269.0,3531.0,2.3418
SPY,2025-12-01,7,366,484,497,118,13,82.68,8268.0,3532.0,2.3409
SPY,2025-11-29,5,366,484,503,118,19,82.63,8263.0,3537.0,2.3362
SPY,2025-12-01,7,366,484,503,118,19,82.61,8261.0,3539.0,2.3343
SPY,2025-11-27,3,366,484,490,118,6,82.35,8235.0,3565.0,2.31
SPY,2025-12-01,7,366,484,509,118,25,82.34,8234.0,3566.0,2.309
SPY,2025-12-01,7,366,484,528,118,44,82.3,8230.0,3570.0,2.3053
SPY,2025-11-29,5,366,484,497,118,13,82.29,8229.0,3571.0,2.3044
SPY,2025-11-29,5,366,484,509,118,25,82.29,8229.0,3571.0,2.3044
SPY,2025-12-01,7,366,484,521,118,37,82.28,8228.0,3572.0,2.3035
SPY,2025-11-29,5,366,484,540,118,56,82.23,8223.0,3577.0,2.2989
SPY,2025-12-01,7,366,484,534,118,50,82.2,8220.0,3580.0,2.2961
SPY,2025-11-29,5,366,484,521,118,37,82.18,8218.0,3582.0,2.2942
SPY,2025-12-01,7,366,484,515,118,31,82.16,8216.0,3584.0,2.2924
SPY,2025-12-01,7,366,484,540,118,56,82.1,8210.0,3590.0,2.2869
SPY,2025-11-29,5,366,484,528,118,44,82.09,8209.0,3591.0,2.286
SPY,2025-11-29,5,366,484,534,118,50,82.08,8208.0,3592.0,2.2851
SPY,2025-11-27,3,366,484,509,118,25,82.01,8201.0,3599.0,2.2787
SPY,2025-11-27,3,366,484,528,118,44,82.0,8200.0,3600.0,2.2778
SPY,2025-11-27,3,366,484,515,118,31,81.98,8198.0,3602.0,2.276
SPY,2025-11-27,3,366,484,503,118,19,81.92,8192.0,3608.0,2.2705
SPY,2025-11-29,5,366,484,515,118,31,81.87,8187.0,3613.0,2.266
SPY,2025-11-27,3,366,484,540,118,56,81.85,8185.0,3615.0,2.2642
SPY,2025-11-27,3,366,484,521,118,37,81.81,8181.0,3619.0,2.2606
SPY,2025-11-27,3,366,484,497,118,13,81.8,8180.0,3620.0,2.2597
SPY,2025-11-27,3,366,484,534,118,50,81.72,8172.0,3628.0,2.2525
SPY,2025-12-01,7,372,484,490,112,6,77.22,7722.0,3478.0,2.2202
SPY,2025-11-29,5,372,484,490,112,6,77.11,7711.0,3489.0,2.2101
SPY,2025-11-29,5,372,484,503,112,19,77.05,7705.0,3495.0,2.2046
SPY,2025-11-29,5,372,484,497,112,13,76.71,7671.0,3529.0,2.1737
SPY,2025-11-29,5,372,484,509,112,25,76.71,7671.0,3529.0,2.1737
SPY,2025-11-29,5,372,484,540,112,56,76.65,7665.0,3535.0,2.1683
SPY,2025-12-01,7,372,484,497,112,13,76.63,7663.0,3537.0,2.1665
SPY,2025-11-29,5,372,484,521,112,37,76.6,7660.0,3540.0,2.1638
SPY,2025-12-01,7,372,484,503,112,19,76.56,7656.0,3544.0,2.1603
SPY,2025-11-29,5,372,484,528,112,44,76.51,7651.0,3549.0,2.1558
SPY,2025-11-29,5,372,484,534,112,50,76.5,7650.0,3550.0,2.1549
SPY,2025-11-27,3,372,484,490,112,6,76.32,7632.0,3568.0,2.139
SPY,2025-11-29,5,372,484,515,112,31,76.29,7629.0,3571.0,2.1364
SPY,2025-12-01,7,372,484,509,112,25,76.29,7629.0,3571.0,2.1364
SPY,2025-12-01,7,372,484,528,112,44,76.25,7625.0,3575.0,2.1329
SPY,2025-12-01,7,372,484,521,112,37,76.23,7623.0,3577.0,2.1311
SPY,2025-12-01,7,372,484,534,112,50,76.15,7615.0,3585.0,2.1241
SPY,2025-12-01,7,372,484,515,112,31,76.11,7611.0,3589.0,2.1206
SPY,2025-12-01,7,372,484,540,112,56,76.05,7605.0,3595.0,2.1154
SPY,2025-11-27,3,372,484,509,112,25,75.98,7598.0,3602.0,2.1094
SPY,2025-11-27,3,372,484,528,112,44,75.97,7597.0,3603.0,2.1085
SPY,2025-11-27,3,372,484,515,112,31,75.95,7595.0,3605.0,2.1068
SPY,2025-11-29,5,360,490,503,130,13,88.13,8813.0,4187.0,2.1048
SPY,2025-11-27,3,360,490,509,130,19,88.12,8812.0,4188.0,2.1041
SPY,2025-11-27,3,360,490,528,130,38,88.11,8811.0,4189.0,2.1034
SPY,2025-11-27,3,360,490,515,130,25,88.09,8809.0,4191.0,2.1019
SPY,2025-11-27,3,372,484,503,112,19,75.89,7589.0,3611.0,2.1016
SPY,2025-11-27,3,360,490,503,130,13,88.03,8803.0,4197.0,2.0975
SPY,2025-11-27,3,372,484,540,112,56,75.82,7582.0,3618.0,2.0956
SPY,2025-11-27,3,360,490,540,130,50,87.96,8796.0,4204.0,2.0923
SPY,2025-11-27,3,372,484,521,112,37,75.78,7578.0,3622.0,2.0922
SPY,2025-11-27,3,372,484,497,112,13,75.77,7577.0,3623.0,2.0914
SPY,2025-11-27,3,360,490,521,130,31,87.92,8792.0,4208.0,2.0894
SPY,2025-11-27,3,360,490,497,130,7,87.91,8791.0,4209.0,2.0886
SPY,2025-11-27,3,372,484,534,112,50,75.69,7569.0,3631.0,2.0845
SPY,2025-11-27,3,360,490,534,130,44,87.83,8783.0,4217.0,2.0828
SPY,2025-11-29,5,360,490,509,130,19,87.79,8779.0,4221.0,2.0798
SPY,2025-11-29,5,360,490,497,130,7,87.79,8779.0,4221.0,2.0798
SPY,2025-11-29,5,360,490,540,130,50,87.73,8773.0,4227.0,2.0755
SPY,2025-11-29,5,360,490,521,130,31,87.68,8768.0,4232.0,2.0718
SPY,2025-11-29,5,360,490,528,130,38,87.59,8759.0,4241.0,2.0653
SPY,2025-11-29,5,360,490,534,130,44,87.58,8758.0,4242.0,2.0646
SPY,2025-11-29,5,360,490,515,130,25,87.37,8737.0,4263.0,2.0495
SPY,2025-12-01,7,360,490,497,130,7,87.31,8731.0,4269.0,2.0452
SPY,2025-12-01,7,360,490,503,130,13,87.24,8724.0,4276.0,2.0402
SPY,2025-12-01,7,360,490,509,130,19,86.97,8697.0,4303.0,2.0211
SPY,2025-12-01,7,360,490,528,130,38,86.93,8693.0,4307.0,2.0183
SPY,2025-12-01,7,360,490,521,130,31,86.91,8691.0,4309.0,2.0169
SPY,2025-12-01,7,360,490,534,130,44,86.83,8683.0,4317.0,2.0114
SPY,2025-12-01,7,360,490,515,130,25,86.79,8679.0,4321.0,2.0086
SPY,2025-11-29,5,379,484,490,105,6,70.08,7008.0,3492.0,2.0069
SPY,2025-12-01,7,360,490,540,130,50,86.73,8673.0,4327.0,2.0044
SPY,2025-11-29,5,379,484,503,105,19,70.02,7002.0,3498.0,2.0017
SPY,2025-12-01,7,379,484,490,105,6,70.01,7001.0,3499.0,2.0009
SPY,2025-11-27,3,379,484,490,105,6,69.68,6968.0,3532.0,1.9728
SPY,2025-11-29,5,379,484,509,105,25,69.68,6968.0,3532.0,1.9728
SPY,2025-11-29,5,379,484,497,105,13,69.68,6968.0,3532.0,1.9728
SPY,2025-11-27,3,366,490,509,124,19,82.23,8223.0,4177.0,1.9686
SPY,2025-11-27,3,366,490,528,124,38,82.22,8222.0,4178.0,1.9679
SPY,2025-11-29,5,379,484,540,105,56,69.62,6962.0,3538.0,1.9678
SPY,2025-11-27,3,366,490,515,124,25,82.2,8220.0,4180.0,1.9665
SPY,2025-11-29,5,379,484,521,105,37,69.57,6957.0,3543.0,1.9636
SPY,2025-11-27,3,366,490,503,124,13,82.14,8214.0,4186.0,1.9623
SPY,2025-11-29,5,366,490,503,124,13,82.13,8213.0,4187.0,1.9615
SPY,2025-11-27,3,366,490,540,124,50,82.07,8207.0,4193.0,1.9573
SPY,2025-11-29,5,379,484,528,105,44,69.48,6948.0,3552.0,1.9561
SPY,2025-11-29,5,379,484,534,105,50,69.47,6947.0,3553.0,1.9552
SPY,2025-11-27,3,366,490,521,124,31,82.03,8203.0,4197.0,1.9545
SPY,2025-11-27,3,366,490,497,124,7,82.02,8202.0,4198.0,1.9538
SPY,2025-12-01,7,379,484,497,105,13,69.42,6942.0,3558.0,1.9511
SPY,2025-11-27,3,366,490,534,124,44,81.94,8194.0,4206.0,1.9482
SPY,2025-12-01,7,379,484,503,105,19,69.35,6935.0,3565.0,1.9453
SPY,2025-11-27,3,379,484,509,105,25,69.34,6934.0,3566.0,1.9445
SPY,2025-11-27,3,379,484,528,105,44,69.33,6933.0,3567.0,1.9437
SPY,2025-11-27,3,379,484,515,105,31,69.31,6931.0,3569.0,1.942
SPY,2025-11-29,5,379,484,515,105,31,69.26,6926.0,3574.0,1.9379
SPY,2025-11-29,5,366,490,509,124,19,81.79,8179.0,4221.0,1.9377
SPY,2025-11-29,5,366,490,497,124,7,81.79,8179.0,4221.0,1.9377
SPY,2025-11-27,3,379,484,503,105,19,69.25,6925.0,3575.0,1.9371
SPY,2025-11-29,5,366,490,540,124,50,81.73,8173.0,4227.0,1.9335
SPY,2025-11-27,3,379,484,540,105,56,69.18,6918.0,3582.0,1.9313
SPY,2025-11-29,5,366,490,521,124,31,81.68,8168.0,4232.0,1.9301
SPY,2025-11-27,3,379,484,521,105,37,69.14,6914.0,3586.0,1.9281
SPY,2025-11-27,3,379,484,497,105,13,69.13,6913.0,3587.0,1.9272
SPY,2025-11-29,5,366,490,528,124,38,81.59,8159.0,4241.0,1.9238
SPY,2025-12-01,7,379,484,509,105,25,69.08,6908.0,3592.0,1.9232
SPY,2025-11-29,5,366,490,534,124,44,81.58,8158.0,4242.0,1.9231
SPY,2025-11-27,3,379,484,534,105,50,69.05,6905.0,3595.0,1.9207
SPY,2025-12-01,7,366,490,497,124,7,81.54,8154.0,4246.0,1.9204
SPY,2025-12-01,7,379,484,528,105,44,69.04,6904.0,3596.0,1.9199
SPY,2025-12-01,7,379,484,521,105,37,69.02,6902.0,3598.0,1.9183
SPY,2025-12-01,7,366,490,503,124,13,81.47,8147.0,4253.0,1.9156
SPY,2025-12-01,7,379,484,534,105,50,68.94,6894.0,3606.0,1.9118
SPY,2025-11-29,5,366,490,515,124,25,81.37,8137.0,4263.0,1.9087
SPY,2025-12-01,7,379,484,515,105,31,68.9,6890.0,3610.0,1.9086
SPY,2025-12-01,7,379,484,540,105,56,68.84,6884.0,3616.0,1.9038
SPY,2025-12-01,7,366,490,509,124,19,81.2,8120.0,4280.0,1.8972
SPY,2025-12-01,7,366,490,528,124,38,81.16,8116.0,4284.0,1.8945
SPY,2025-12-01,7,366,490,521,124,31,81.14,8114.0,4286.0,1.8931
SPY,2025-12-01,7,366,490,534,124,44,81.06,8106.0,4294.0,1.8878
SPY,2025-12-01,7,366,490,515,124,25,81.02,8102.0,4298.0,1.8851
SPY,2025-12-01,7,366,490,540,124,50,80.96,8096.0,4304.0,1.881
SPY,2025-11-27,3,360,497,509,137,12,89.24,8924.0,4776.0,1.8685
SPY,2025-11-27,3,360,497,528,137,31,89.23,8923.0,4777.0,1.8679
SPY,2025-11-27,3,360,497,515,137,18,89.21,8921.0,4779.0,1.8667
SPY,2025-11-27,3,360,497,503,137,6,89.15,8915.0,4785.0,1.8631
SPY,2025-11-27,3,360,497,540,137,43,89.08,8908.0,4792.0,1.8589
SPY,2025-12-01,7,385,484,490,99,6,64.35,6435.0,3465.0,1.8571
SPY,2025-11-27,3,360,497,521,137,24,89.04,8904.0,4796.0,1.8565
SPY,2025-11-29,5,360,497,503,137,6,88.95,8895.0,4805.0,1.8512
SPY,2025-11-27,3,360,497,534,137,37,88.95,8895.0,4805.0,1.8512
SPY,2025-11-29,5,385,484,490,99,6,64.25,6425.0,3475.0,1.8489
SPY,2025-11-29,5,372,490,503,118,13,76.55,7655.0,4145.0,1.8468
SPY,2025-11-29,5,385,484,503,99,19,64.19,6419.0,3481.0,1.844
SPY,2025-11-29,5,360,497,509,137,12,88.61,8861.0,4839.0,1.8312
SPY,2025-11-29,5,360,497,540,137,43,88.55,8855.0,4845.0,1.8277
SPY,2025-11-29,5,360,497,521,137,24,88.5,8850.0,4850.0,1.8247
SPY,2025-11-29,5,372,490,509,118,19,76.21,7621.0,4179.0,1.8236
SPY,2025-11-29,5,372,490,497,118,7,76.21,7621.0,4179.0,1.8236
SPY,2025-11-27,3,372,490,509,118,19,76.2,7620.0,4180.0,1.823
SPY,2025-12-01,7,360,497,503,137,6,88.46,8846.0,4854.0,1.8224
SPY,2025-11-27,3,372,490,528,118,38,76.19,7619.0,4181.0,1.8223
SPY,2025-11-27,3,372,490,515,118,25,76.17,7617.0,4183.0,1.8209
SPY,2025-11-29,5,372,490,540,118,50,76.15,7615.0,4185.0,1.8196
SPY,2025-11-29,5,360,497,528,137,31,88.41,8841.0,4859.0,1.8195
SPY,2025-11-29,5,360,497,534,137,37,88.4,8840.0,4860.0,1.8189
SPY,2025-11-27,3,372,490,503,118,13,76.11,7611.0,4189.0,1.8169
SPY,2025-11-29,5,385,484,497,99,13,63.85,6385.0,3515.0,1.8165
SPY,2025-11-29,5,385,484,509,99,25,63.85,6385.0,3515.0,1.8165
SPY,2025-11-29,5,372,490,521,118,31,76.1,7610.0,4190.0,1.8162
SPY,2025-11-27,3,372,490,540,118,50,76.04,7604.0,4196.0,1.8122
SPY,2025-11-29,5,385,484,540,99,56,63.79,6379.0,3521.0,1.8117
SPY,2025-11-29,5,372,490,528,118,38,76.01,7601.0,4199.0,1.8102
SPY,2025-11-29,5,372,490,534,118,44,76.0,7600.0,4200.0,1.8095
SPY,2025-11-27,3,372,490,521,118,31,76.0,7600.0,4200.0,1.8095
SPY,2025-12-01,7,385,484,497,99,13,63.76,6376.0,3524.0,1.8093
SPY,2025-11-27,3,372,490,497,118,7,75.99,7599.0,4201.0,1.8089
SPY,2025-11-29,5,385,484,521,99,37,63.74,6374.0,3526.0,1.8077
SPY,2025-12-01,7,360,497,509,137,12,88.19,8819.0,4881.0,1.8068
SPY,2025-11-29,5,360,497,515,137,18,88.19,8819.0,4881.0,1.8068
SPY,2025-12-01,7,360,497,528,137,31,88.15,8815.0,4885.0,1.8045
SPY,2025-12-01,7,385,484,503,99,19,63.69,6369.0,3531.0,1.8037
SPY,2025-11-27,3,372,490,534,118,44,75.91,7591.0,4209.0,1.8035
SPY,2025-12-01,7,360,497,521,137,24,88.13,8813.0,4887.0,1.8034
SPY,2025-11-29,5,385,484,528,99,44,63.65,6365.0,3535.0,1.8006
SPY,2025-11-29,5,385,484,534,99,50,63.64,6364.0,3536.0,1.7998
SPY,2025-12-01,7,360,497,534,137,37,88.05,8805.0,4895.0,1.7988
SPY,2025-12-01,7,360,497,515,137,18,88.01,8801.0,4899.0,1.7965
SPY,2025-11-29,5,372,490,515,118,25,75.79,7579.0,4221.0,1.7955
SPY,2025-12-01,7,360,497,540,137,43,87.95,8795.0,4905.0,1.7931
SPY,2025-11-27,3,385,484,490,99,6,63.49,6349.0,3551.0,1.7879
SPY,2025-11-29,5,385,484,515,99,31,63.43,6343.0,3557.0,1.7832
SPY,2025-12-01,7,385,484,509,99,25,63.42,6342.0,3558.0,1.7825
SPY,2025-12-01,7,385,484,528,99,44,63.38,6338.0,3562.0,1.7793
SPY,2025-12-01,7,385,484,521,99,37,63.36,6336.0,3564.0,1.7778
SPY,2025-12-01,7,372,490,497,118,7,75.49,7549.0,4251.0,1.7758
SPY,2025-12-01,7,385,484,534,99,50,63.28,6328.0,3572.0,1.7716
SPY,2025-12-01,7,372,490,503,118,13,75.42,7542.0,4258.0,1.7713
SPY,2025-12-01,7,385,484,515,99,31,63.24,6324.0,3576.0,1.7685
SPY,2025-12-01,7,385,484,540,99,56,63.18,6318.0,3582.0,1.7638
SPY,2025-11-27,3,385,484,509,99,25,63.15,6315.0,3585.0,1.7615
SPY,2025-11-27,3,385,484,528,99,44,63.14,6314.0,3586.0,1.7607
SPY,2025-11-27,3,385,484,515,99,31,63.12,6312.0,3588.0,1.7592
SPY,2025-11-27,3,385,484,503,99,19,63.06,6306.0,3594.0,1.7546
SPY,2025-12-01,7,372,490,509,118,19,75.15,7515.0,4285.0,1.7538
SPY,2025-12-01,7,372,490,528,118,38,75.11,7511.0,4289.0,1.7512
SPY,2025-12-01,7,372,490,521,118,31,75.09,7509.0,4291.0,1.7499
SPY,2025-11-27,3,385,484,540,99,56,62.99,6299.0,3601.0,1.7492
SPY,2025-11-27,3,366,497,509,131,12,83.35,8335.0,4765.0,1.7492
SPY,2025-11-27,3,366,497,528,131,31,83.34,8334.0,4766.0,1.7486
SPY,2025-11-27,3,366,497,515,131,18,83.32,8332.0,4768.0,1.7475
SPY,2025-11-27,3,385,484,521,99,37,62.95,6295.0,3605.0,1.7462
SPY,2025-11-27,3,385,484,497,99,13,62.94,6294.0,3606.0,1.7454
SPY,2025-12-01,7,372,490,534,118,44,75.01,7501.0,4299.0,1.7448
SPY,2025-11-27,3,366,497,503,131,6,83.26,8326.0,4774.0,1.744
SPY,2025-12-01,7,372,490,515,118,25,74.97,7497.0,4303.0,1.7423
SPY,2025-11-27,3,366,497,540,131,43,83.19,8319.0,4781.0,1.74
SPY,2025-11-27,3,385,484,534,99,50,62.86,6286.0,3614.0,1.7393
SPY,2025-12-01,7,372,490,540,118,50,74.91,7491.0,4309.0,1.7385
SPY,2025-11-27,3,366,497,521,131,24,83.15,8315.0,4785.0,1.7377
SPY,2025-11-27,3,366,497,534,131,37,83.06,8306.0,4794.0,1.7326
SPY,2025-11-29,5,366,497,503,131,6,82.95,8295.0,4805.0,1.7263
SPY,2025-12-01,7,366,497,503,131,6,82.69,8269.0,4831.0,1.7117
SPY,2025-11-29,5,366,497,509,131,12,82.61,8261.0,4839.0,1.7072
SPY,2025-11-29,5,366,497,540,131,43,82.55,8255.0,4845.0,1.7038
SPY,2025-11-29,5,366,497,521,131,24,82.5,8250.0,4850.0,1.701
SPY,2025-12-01,7,366,497,509,131,12,82.42,8242.0,4858.0,1.6966
SPY,2025-11-29,5,366,497,528,131,31,82.41,8241.0,4859.0,1.696
SPY,2025-11-29,5,366,497,534,131,37,82.4,8240.0,4860.0,1.6955
SPY,2025-12-01,7,366,497,528,131,31,82.38,8238.0,4862.0,1.6944
SPY,2025-12-01,7,366,497,521,131,24,82.36,8236.0,4864.0,1.6933
SPY,2025-12-01,7,366,497,534,131,37,82.28,8228.0,4872.0,1.6888
SPY,2025-12-01,7,366,497,515,131,18,82.24,8224.0,4876.0,1.6866
SPY,2025-11-29,5,391,484,490,93,6,58.35,5835.0,3465.0,1.684
SPY,2025-11-29,5,366,497,515,131,18,82.19,8219.0,4881.0,1.6839
SPY,2025-12-01,7,366,497,540,131,43,82.18,8218.0,4882.0,1.6833
SPY,2025-11-29,5,391,484,503,93,19,58.29,5829.0,3471.0,1.6793
SPY,2025-11-27,3,379,490,509,111,19,69.56,6956.0,4144.0,1.6786
SPY,2025-11-27,3,379,490,528,111,38,69.55,6955.0,4145.0,1.6779
SPY,2025-11-27,3,379,490,515,111,25,69.53,6953.0,4147.0,1.6766
SPY,2025-11-29,5,379,490,503,111,13,69.52,6952.0,4148.0,1.676
SPY,2025-11-27,3,379,490,503,111,13,69.47,6947.0,4153.0,1.6728
SPY,2025-11-27,3,379,490,540,111,50,69.4,6940.0,4160.0,1.6683
SPY,2025-11-27,3,379,490,521,111,31,69.36,6936.0,4164.0,1.6657
SPY,2025-11-27,3,379,490,497,111,7,69.35,6935.0,4165.0,1.6651
SPY,2025-12-01,7,391,484,490,93,6,58.09,5809.0,3491.0,1.664
SPY,2025-11-27,3,379,490,534,111,44,69.27,6927.0,4173.0,1.66
SPY,2025-11-29,5,379,490,509,111,19,69.18,6918.0,4182.0,1.6542
SPY,2025-11-29,5,379,490,497,111,7,69.18,6918.0,4182.0,1.6542
SPY,2025-11-29,5,391,484,509,93,25,57.95,5795.0,3505.0,1.6534
SPY,2025-11-29,5,391,484,497,93,13,57.95,5795.0,3505.0,1.6534
SPY,2025-11-29,5,379,490,540,111,50,69.12,6912.0,4188.0,1.6504
SPY,2025-11-29,5,391,484,540,93,56,57.89,5789.0,3511.0,1.6488
SPY,2025-11-27,3,360,503,509,143,6,89.0,8900.0,5400.0,1.6481
SPY,2025-11-27,3,360,503,528,143,25,88.99,8899.0,5401.0,1.6477
SPY,2025-11-29,5,379,490,521,111,31,69.07,6907.0,4193.0,1.6473
SPY,2025-11-27,3,360,503,515,143,12,88.97,8897.0,5403.0,1.6467
SPY,2025-11-29,5,391,484,521,93,37,57.84,5784.0,3516.0,1.6451
SPY,2025-11-29,5,379,490,528,111,38,68.98,6898.0,4202.0,1.6416
SPY,2025-11-29,5,379,490,534,111,44,68.97,6897.0,4203.0,1.641
SPY,2025-11-27,3,360,503,540,143,37,88.84,8884.0,5416.0,1.6403
SPY,2025-11-27,3,360,503,521,143,18,88.8,8880.0,5420.0,1.6384
SPY,2025-11-29,5,391,484,528,93,44,57.75,5775.0,3525.0,1.6383
SPY,2025-11-29,5,391,484,534,93,50,57.74,5774.0,3526.0,1.6375
SPY,2025-11-27,3,360,503,534,143,31,88.71,8871.0,5429.0,1.634
SPY,2025-11-29,5,379,490,515,111,25,68.76,6876.0,4224.0,1.6278
SPY,2025-11-27,3,391,484,490,93,6,57.58,5758.0,3542.0,1.6256
SPY,2025-11-29,5,372,497,503,125,6,77.37,7737.0,4763.0,1.6244
SPY,2025-11-29,5,391,484,515,93,31,57.53,5753.0,3547.0,1.6219
SPY,2025-11-27,3,372,497,509,125,12,77.32,7732.0,4768.0,1.6216
SPY,2025-11-27,3,372,497,528,125,31,77.31,7731.0,4769.0,1.6211
SPY,2025-11-27,3,372,497,515,125,18,77.29,7729.0,4771.0,1.62
SPY,2025-12-01,7,391,484,497,93,13,57.5,5750.0,3550.0,1.6197
SPY,2025-11-27,3,372,497,503,125,6,77.23,7723.0,4777.0,1.6167
SPY,2025-12-01,7,360,503,509,143,6,88.33,8833.0,5467.0,1.6157
SPY,2025-12-01,7,391,484,503,93,19,57.43,5743.0,3557.0,1.6146
SPY,2025-12-01,7,360,503,528,143,25,88.29,8829.0,5471.0,1.6138
SPY,2025-11-27,3,372,497,540,125,43,77.16,7716.0,4784.0,1.6129
SPY,2025-12-01,7,360,503,521,143,18,88.27,8827.0,5473.0,1.6128
SPY,2025-11-27,3,372,497,521,125,24,77.12,7712.0,4788.0,1.6107
SPY,2025-12-01,7,360,503,534,143,31,88.19,8819.0,5481.0,1.609
SPY,2025-12-01,7,360,503,515,143,12,88.15,8815.0,5485.0,1.6071
SPY,2025-11-29,5,372,497,509,125,12,77.03,7703.0,4797.0,1.6058
SPY,2025-11-27,3,372,497,534,125,37,77.03,7703.0,4797.0,1.6058
SPY,2025-12-01,7,360,503,540,143,37,88.09,8809.0,5491.0,1.6043
SPY,2025-11-29,5,372,497,540,125,43,76.97,7697.0,4803.0,1.6025
SPY,2025-11-27,3,391,484,509,93,25,57.24,5724.0,3576.0,1.6007
SPY,2025-11-27,3,391,484,528,93,44,57.23,5723.0,3577.0,1.5999
SPY,2025-11-29,5,372,497,521,125,24,76.92,7692.0,4808.0,1.5998
SPY,2025-11-27,3,391,484,515,93,31,57.21,5721.0,3579.0,1.5985
SPY,2025-12-01,7,379,490,497,111,7,68.28,6828.0,4272.0,1.5983
SPY,2025-11-29,5,360,503,509,143,6,87.91,8791.0,5509.0,1.5958
SPY,2025-11-29,5,372,497,528,125,31,76.83,7683.0,4817.0,1.595
SPY,2025-12-01,7,391,484,509,93,25,57.16,5716.0,3584.0,1.5949
SPY,2025-11-29,5,372,497,534,125,37,76.82,7682.0,4818.0,1.5944
SPY,2025-11-27,3,391,484,503,93,19,57.15,5715.0,3585.0,1.5941
SPY,2025-12-01,7,379,490,503,111,13,68.21,6821.0,4279.0,1.5941
SPY,2025-11-29,5,360,503,540,143,37,87.85,8785.0,5515.0,1.5929
SPY,2025-12-01,7,391,484,528,93,44,57.12,5712.0,3588.0,1.592
SPY,2025-11-29,5,360,503,521,143,18,87.8,8780.0,5520.0,1.5906
SPY,2025-12-01,7,391,484,521,93,37,57.1,5710.0,3590.0,1.5905
SPY,2025-11-27,3,391,484,540,93,56,57.08,5708.0,3592.0,1.5891
SPY,2025-11-29,5,360,503,528,143,25,87.71,8771.0,5529.0,1.5864
SPY,2025-11-27,3,391,484,521,93,37,57.04,5704.0,3596.0,1.5862
SPY,2025-11-29,5,360,503,534,143,31,87.7,8770.0,5530.0,1.5859
SPY,2025-11-27,3,391,484,497,93,13,57.03,5703.0,3597.0,1.5855
SPY,2025-12-01,7,372,497,503,125,6,76.64,7664.0,4836.0,1.5848
SPY,2025-12-01,7,391,484,534,93,50,57.02,5702.0,3598.0,1.5848
SPY,2025-11-29,5,372,497,515,125,18,76.61,7661.0,4839.0,1.5832
SPY,2025-12-01,7,391,484,515,93,31,56.98,5698.0,3602.0,1.5819
SPY,2025-11-27,3,391,484,534,93,50,56.95,5695.0,3605.0,1.5798
SPY,2025-12-01,7,379,490,509,111,19,67.94,6794.0,4306.0,1.5778
SPY,2025-12-01,7,391,484,540,93,56,56.92,5692.0,3608.0,1.5776
SPY,2025-11-29,5,360,503,515,143,12,87.49,8749.0,5551.0,1.5761
SPY,2025-12-01,7,379,490,528,111,38,67.9,6790.0,4310.0,1.5754
SPY,2025-12-01,7,379,490,521,111,31,67.88,6788.0,4312.0,1.5742
SPY,2025-12-01,7,372,497,509,125,12,76.37,7637.0,4863.0,1.5704
SPY,2025-12-01,7,379,490,534,111,44,67.8,6780.0,4320.0,1.5694
SPY,2025-12-01,7,372,497,528,125,31,76.33,7633.0,4867.0,1.5683
SPY,2025-12-01,7,372,497,521,125,24,76.31,7631.0,4869.0,1.5673
SPY,2025-12-01,7,379,490,515,111,25,67.76,6776.0,4324.0,1.5671
SPY,2025-12-01,7,379,490,540,111,50,67.7,6770.0,4330.0,1.5635
SPY,2025-12-01,7,372,497,534,125,37,76.23,7623.0,4877.0,1.5631
SPY,2025-12-01,7,372,497,515,125,18,76.19,7619.0,4881.0,1.561
SPY,2025-12-01,7,372,497,540,125,43,76.13,7613.0,4887.0,1.5578
SPY,2025-11-27,3,366,503,509,137,6,83.11,8311.0,5389.0,1.5422
SPY,2025-11-29,5,385,490,503,105,13,63.69,6369.0,4131.0,1.5418
SPY,2025-11-27,3,366,503,528,137,25,83.1,8310.0,5390.0,1.5417
SPY,2025-11-27,3,366,503,515,137,12,83.08,8308.0,5392.0,1.5408
SPY,2025-11-27,3,366,503,540,137,37,82.95,8295.0,5405.0,1.5347
SPY,2025-11-27,3,366,503,521,137,18,82.91,8291.0,5409.0,1.5328
SPY,2025-11-27,3,366,503,534,137,31,82.82,8282.0,5418.0,1.5286
SPY,2025-11-27,3,385,490,509,105,19,63.37,6337.0,4163.0,1.5222
SPY,2025-11-27,3,385,490,528,105,38,63.36,6336.0,4164.0,1.5216
SPY,2025-11-29,5,385,490,497,105,7,63.35,6335.0,4165.0,1.521
SPY,2025-11-29,5,385,490,509,105,19,63.35,6335.0,4165.0,1.521
SPY,2025-11-27,3,385,490,515,105,25,63.34,6334.0,4166.0,1.5204
SPY,2025-11-29,5,385,490,540,105,50,63.29,6329.0,4171.0,1.5174
SPY,2025-11-27,3,385,490,503,105,13,63.28,6328.0,4172.0,1.5168
SPY,2025-12-01,7,366,503,509,137,6,82.56,8256.0,5444.0,1.5165
SPY,2025-12-01,7,366,503,528,137,25,82.52,8252.0,5448.0,1.5147
SPY,2025-11-29,5,385,490,521,105,31,63.24,6324.0,4176.0,1.5144
SPY,2025-12-01,7,366,503,521,137,18,82.5,8250.0,5450.0,1.5138
SPY,2025-11-27,3,385,490,540,105,50,63.21,6321.0,4179.0,1.5126
SPY,2025-11-29,5,397,484,490,87,6,52.37,5237.0,3463.0,1.5123
SPY,2025-11-27,3,385,490,521,105,31,63.17,6317.0,4183.0,1.5102
SPY,2025-12-01,7,366,503,534,137,31,82.42,8242.0,5458.0,1.5101
SPY,2025-11-27,3,385,490,497,105,7,63.16,6316.0,4184.0,1.5096
SPY,2025-11-29,5,385,490,528,105,38,63.15,6315.0,4185.0,1.509
SPY,2025-11-29,5,385,490,534,105,44,63.14,6314.0,4186.0,1.5084
SPY,2025-12-01,7,366,503,515,137,12,82.38,8238.0,5462.0,1.5082
SPY,2025-11-29,5,397,484,503,87,19,52.31,5231.0,3469.0,1.5079
SPY,2025-12-01,7,397,484,490,87,6,52.3,5230.0,3470.0,1.5072
SPY,2025-12-01,7,366,503,540,137,37,82.32,8232.0,5468.0,1.5055
SPY,2025-11-27,3,385,490,534,105,44,63.08,6308.0,4192.0,1.5048
SPY,2025-11-29,5,385,490,515,105,25,62.93,6293.0,4207.0,1.4958
SPY,2025-11-27,3,379,497,509,118,12,70.68,7068.0,4732.0,1.4937
SPY,2025-11-27,3,379,497,528,118,31,70.67,7067.0,4733.0,1.4931
SPY,2025-11-27,3,379,497,515,118,18,70.65,7065.0,4735.0,1.4921
SPY,2025-11-27,3,379,497,503,118,6,70.59,7059.0,4741.0,1.4889
SPY,2025-11-29,5,366,503,509,137,6,81.91,8191.0,5509.0,1.4868
SPY,2025-11-27,3,379,497,540,118,43,70.52,7052.0,4748.0,1.4853
SPY,2025-11-29,5,366,503,540,137,37,81.85,8185.0,5515.0,1.4841
SPY,2025-11-29,5,397,484,497,87,13,51.97,5197.0,3503.0,1.4836
SPY,2025-11-29,5,397,484,509,87,25,51.97,5197.0,3503.0,1.4836
SPY,2025-11-27,3,379,497,521,118,24,70.48,7048.0,4752.0,1.4832
SPY,2025-11-29,5,366,503,521,137,18,81.8,8180.0,5520.0,1.4819
SPY,2025-11-29,5,397,484,540,87,56,51.91,5191.0,3509.0,1.4793
SPY,2025-11-27,3,379,497,534,118,37,70.39,7039.0,4761.0,1.4785
SPY,2025-11-29,5,366,503,528,137,25,81.71,8171.0,5529.0,1.4778
SPY,2025-12-01,7,385,490,497,105,7,62.62,6262.0,4238.0,1.4776
SPY,2025-11-29,5,366,503,534,137,31,81.7,8170.0,5530.0,1.4774
SPY,2025-11-29,5,379,497,503,118,6,70.34,7034.0,4766.0,1.4759
SPY,2025-11-29,5,397,484,521,87,37,51.86,5186.0,3514.0,1.4758
SPY,2025-12-01,7,385,490,503,105,13,62.55,6255.0,4245.0,1.4735
SPY,2025-11-29,5,397,484,528,87,44,51.77,5177.0,3523.0,1.4695
SPY,2025-11-27,3,397,484,490,87,6,51.76,5176.0,3524.0,1.4688
SPY,2025-11-29,5,397,484,534,87,50,51.76,5176.0,3524.0,1.4688
SPY,2025-11-29,5,366,503,515,137,12,81.49,8149.0,5551.0,1.468
SPY,2025-12-01,7,397,484,497,87,13,51.71,5171.0,3529.0,1.4653
SPY,2025-12-01,7,397,484,503,87,19,51.64,5164.0,3536.0,1.4604
SPY,2025-11-29,5,379,497,509,118,12,70.0,7000.0,4800.0,1.4583
SPY,2025-12-01,7,385,490,509,105,19,62.28,6228.0,4272.0,1.4579
SPY,2025-12-01,7,385,490,528,105,38,62.24,6224.0,4276.0,1.4556
SPY,2025-11-29,5,379,497,540,118,43,69.94,6994.0,4806.0,1.4553
SPY,2025-12-01,7,385,490,521,105,31,62.22,6222.0,4278.0,1.4544
SPY,2025-11-29,5,397,484,515,87,31,51.55,5155.0,3545.0,1.4542
SPY,2025-11-29,5,379,497,521,118,24,69.89,6989.0,4811.0,1.4527
SPY,2025-12-01,7,385,490,534,105,44,62.14,6214.0,4286.0,1.4498
SPY,2025-11-29,5,379,497,528,118,31,69.8,6980.0,4820.0,1.4481
SPY,2025-11-29,5,379,497,534,118,37,69.79,6979.0,4821.0,1.4476
SPY,2025-12-01,7,385,490,515,105,25,62.1,6210.0,4290.0,1.4476
SPY,2025-11-27,3,397,484,509,87,25,51.42,5142.0,3558.0,1.4452
SPY,2025-11-27,3,397,484,528,87,44,51.41,5141.0,3559.0,1.4445
SPY,2025-12-01,7,385,490,540,105,50,62.04,6204.0,4296.0,1.4441
SPY,2025-11-27,3,397,484,515,87,31,51.39,5139.0,3561.0,1.4431
SPY,2025-12-01,7,397,484,509,87,25,51.37,5137.0,3563.0,1.4418
SPY,2025-11-27,3,397,484,503,87,19,51.33,5133.0,3567.0,1.439
SPY,2025-12-01,7,397,484,528,87,44,51.33,5133.0,3567.0,1.439
SPY,2025-12-01,7,397,484,521,87,37,51.31,5131.0,3569.0,1.4377
SPY,2025-11-29,5,379,497,515,118,18,69.58,6958.0,4842.0,1.437
SPY,2025-11-27,3,397,484,540,87,56,51.26,5126.0,3574.0,1.4342
SPY,2025-12-01,7,397,484,534,87,50,51.23,5123.0,3577.0,1.4322
SPY,2025-11-27,3,397,484,521,87,37,51.22,5122.0,3578.0,1.4315
SPY,2025-11-27,3,397,484,497,87,13,51.21,5121.0,3579.0,1.4308
SPY,2025-12-01,7,397,484,515,87,31,51.19,5119.0,3581.0,1.4295
SPY,2025-11-27,3,372,503,509,131,6,77.08,7708.0,5392.0,1.4295
SPY,2025-12-01,7,379,497,503,118,6,69.43,6943.0,4857.0,1.4295
SPY,2025-11-27,3,372,503,528,131,25,77.07,7707.0,5393.0,1.4291
SPY,2025-11-27,3,372,503,515,131,12,77.05,7705.0,5395.0,1.4282
SPY,2025-11-27,3,397,484,534,87,50,51.13,5113.0,3587.0,1.4254
SPY,2025-12-01,7,397,484,540,87,56,51.13,5113.0,3587.0,1.4254
SPY,2025-11-27,3,372,503,540,131,37,76.92,7692.0,5408.0,1.4223
SPY,2025-11-27,3,372,503,521,131,18,76.88,7688.0,5412.0,1.4205
SPY,2025-11-27,3,372,503,534,131,31,76.79,7679.0,5421.0,1.4165
SPY,2025-12-01,7,379,497,509,118,12,69.16,6916.0,4884.0,1.4161
SPY,2025-12-01,7,379,497,528,118,31,69.12,6912.0,4888.0,1.4141
SPY,2025-12-01,7,379,497,521,118,24,69.1,6910.0,4890.0,1.4131
SPY,2025-12-01,7,379,497,534,118,37,69.02,6902.0,4898.0,1.4091
SPY,2025-12-01,7,379,497,515,118,18,68.98,6898.0,4902.0,1.4072
SPY,2025-12-01,7,379,497,540,118,43,68.92,6892.0,4908.0,1.4042
SPY,2025-12-01,7,372,503,509,131,6,76.51,7651.0,5449.0,1.4041
SPY,2025-12-01,7,372,503,528,131,25,76.47,7647.0,5453.0,1.4023
SPY,2025-11-29,5,391,490,503,99,13,57.79,5779.0,4121.0,1.4023
SPY,2025-12-01,7,372,503,521,131,18,76.45,7645.0,5455.0,1.4015
SPY,2025-12-01,7,372,503,534,131,31,76.37,7637.0,5463.0,1.3979
SPY,2025-11-29,5,372,503,509,131,6,76.33,7633.0,5467.0,1.3962
SPY,2025-12-01,7,372,503,515,131,12,76.33,7633.0,5467.0,1.3962
SPY,2025-12-01,7,372,503,540,131,37,76.27,7627.0,5473.0,1.3936
SPY,2025-11-29,5,372,503,540,131,37,76.27,7627.0,5473.0,1.3936
SPY,2025-11-29,5,372,503,521,131,18,76.22,7622.0,5478.0,1.3914
SPY,2025-11-29,5,372,503,528,131,25,76.13,7613.0,5487.0,1.3875
SPY,2025-11-29,5,372,503,534,131,31,76.12,7612.0,5488.0,1.387
SPY,2025-11-27,3,391,490,509,99,19,57.46,5746.0,4154.0,1.3832
SPY,2025-11-29,5,391,490,509,99,19,57.45,5745.0,4155.0,1.3827
SPY,2025-11-27,3,391,490,528,99,38,57.45,5745.0,4155.0,1.3827
SPY,2025-11-29,5,391,490,497,99,7,57.45,5745.0,4155.0,1.3827
SPY,2025-11-27,3,391,490,515,99,25,57.43,5743.0,4157.0,1.3815
SPY,2025-11-29,5,391,490,540,99,50,57.39,5739.0,4161.0,1.3792
SPY,2025-11-27,3,391,490,503,99,13,57.37,5737.0,4163.0,1.3781
SPY,2025-11-29,5,372,503,515,131,12,75.91,7591.0,5509.0,1.3779
SPY,2025-11-29,5,391,490,521,99,31,57.34,5734.0,4166.0,1.3764
SPY,2025-11-27,3,391,490,540,99,50,57.3,5730.0,4170.0,1.3741
SPY,2025-11-27,3,391,490,521,99,31,57.26,5726.0,4174.0,1.3718
SPY,2025-11-27,3,391,490,497,99,7,57.25,5725.0,4175.0,1.3713
SPY,2025-11-29,5,391,490,528,99,38,57.25,5725.0,4175.0,1.3713
SPY,2025-11-29,5,391,490,534,99,44,57.24,5724.0,4176.0,1.3707
SPY,2025-11-27,3,391,490,534,99,44,57.17,5717.0,4183.0,1.3667
SPY,2025-11-29,5,391,490,515,99,25,57.03,5703.0,4197.0,1.3588
SPY,2025-11-29,5,385,497,503,112,6,64.51,6451.0,4749.0,1.3584
SPY,2025-11-27,3,385,497,509,112,12,64.49,6449.0,4751.0,1.3574
SPY,2025-11-27,3,385,497,528,112,31,64.48,6448.0,4752.0,1.3569
SPY,2025-11-27,3,385,497,515,112,18,64.46,6446.0,4754.0,1.3559
SPY,2025-11-27,3,385,497,503,112,6,64.4,6440.0,4760.0,1.3529
SPY,2025-11-27,3,385,497,540,112,43,64.33,6433.0,4767.0,1.3495
SPY,2025-11-27,3,385,497,521,112,24,64.29,6429.0,4771.0,1.3475
SPY,2025-11-27,3,385,497,534,112,37,64.2,6420.0,4780.0,1.3431
SPY,2025-12-01,7,403,484,490,81,6,46.43,4643.0,3457.0,1.3431
SPY,2025-11-29,5,385,497,509,112,12,64.17,6417.0,4783.0,1.3416
SPY,2025-11-29,5,385,497,540,112,43,64.11,6411.0,4789.0,1.3387
SPY,2025-11-29,5,385,497,521,112,24,64.06,6406.0,4794.0,1.3363
SPY,2025-11-29,5,385,497,528,112,31,63.97,6397.0,4803.0,1.3319
SPY,2025-11-29,5,385,497,534,112,37,63.96,6396.0,4804.0,1.3314
SPY,2025-12-01,7,385,497,503,112,6,63.77,6377.0,4823.0,1.3222
SPY,2025-12-01,7,391,490,497,99,7,56.36,5636.0,4264.0,1.3218
SPY,2025-11-29,5,385,497,515,112,18,63.75,6375.0,4825.0,1.3212
SPY,2025-12-01,7,391,490,503,99,13,56.29,5629.0,4271.0,1.318
SPY,2025-11-27,3,379,503,509,124,6,70.44,7044.0,5356.0,1.3152
SPY,2025-11-27,3,379,503,528,124,25,70.43,7043.0,5357.0,1.3147
SPY,2025-11-27,3,379,503,515,124,12,70.41,7041.0,5359.0,1.3139
SPY,2025-11-29,5,403,484,490,81,6,45.99,4599.0,3501.0,1.3136
SPY,2025-11-29,5,403,484,503,81,19,45.93,4593.0,3507.0,1.3097
SPY,2025-12-01,7,385,497,509,112,12,63.5,6350.0,4850.0,1.3093
SPY,2025-11-27,3,379,503,540,124,37,70.28,7028.0,5372.0,1.3083
SPY,2025-12-01,7,385,497,528,112,31,63.46,6346.0,4854.0,1.3074
SPY,2025-11-27,3,379,503,521,124,18,70.24,7024.0,5376.0,1.3065
SPY,2025-12-01,7,385,497,521,112,24,63.44,6344.0,4856.0,1.3064
SPY,2025-12-01,7,403,484,497,81,13,45.84,4584.0,3516.0,1.3038
SPY,2025-12-01,7,391,490,509,99,19,56.02,5602.0,4298.0,1.3034
SPY,2025-11-27,3,379,503,534,124,31,70.15,7015.0,5385.0,1.3027
SPY,2025-12-01,7,385,497,534,112,37,63.36,6336.0,4864.0,1.3026
SPY,2025-12-01,7,391,490,528,99,38,55.98,5598.0,4302.0,1.3013
SPY,2025-12-01,7,385,497,515,112,18,63.32,6332.0,4868.0,1.3007
SPY,2025-12-01,7,391,490,521,99,31,55.96,5596.0,4304.0,1.3002
SPY,2025-12-01,7,403,484,503,81,19,45.77,4577.0,3523.0,1.2992
SPY,2025-12-01,7,385,497,540,112,43,63.26,6326.0,4874.0,1.2979
SPY,2025-12-01,7,391,490,534,99,44,55.88,5588.0,4312.0,1.2959
SPY,2025-12-01,7,391,490,515,99,25,55.84,5584.0,4316.0,1.2938
SPY,2025-12-01,7,391,490,540,99,50,55.78,5578.0,4322.0,1.2906
SPY,2025-11-29,5,403,484,509,81,25,45.59,4559.0,3541.0,1.2875
SPY,2025-11-29,5,403,484,497,81,13,45.59,4559.0,3541.0,1.2875
SPY,2025-11-27,3,403,484,490,81,6,45.57,4557.0,3543.0,1.2862
SPY,2025-11-29,5,403,484,540,81,56,45.53,4553.0,3547.0,1.2836
SPY,2025-12-01,7,403,484,509,81,25,45.5,4550.0,3550.0,1.2817
SPY,2025-11-29,5,403,484,521,81,37,45.48,4548.0,3552.0,1.2804
SPY,2025-12-01,7,403,484,528,81,44,45.46,4546.0,3554.0,1.2791
SPY,2025-12-01,7,403,484,521,81,37,45.44,4544.0,3556.0,1.2778
SPY,2025-11-29,5,403,484,528,81,44,45.39,4539.0,3561.0,1.2746
SPY,2025-11-29,5,403,484,534,81,50,45.38,4538.0,3562.0,1.274
SPY,2025-12-01,7,403,484,534,81,50,45.36,4536.0,3564.0,1.2727
SPY,2025-12-01,7,403,484,515,81,31,45.32,4532.0,3568.0,1.2702
SPY,2025-12-01,7,379,503,509,124,6,69.3,6930.0,5470.0,1.2669
SPY,2025-11-29,5,379,503,509,124,6,69.3,6930.0,5470.0,1.2669
SPY,2025-12-01,7,403,484,540,81,56,45.26,4526.0,3574.0,1.2664
SPY,2025-12-01,7,379,503,528,124,25,69.26,6926.0,5474.0,1.2653
SPY,2025-11-27,3,403,484,509,81,25,45.23,4523.0,3577.0,1.2645
SPY,2025-11-29,5,379,503,540,124,37,69.24,6924.0,5476.0,1.2644
SPY,2025-12-01,7,379,503,521,124,18,69.24,6924.0,5476.0,1.2644
SPY,2025-11-27,3,403,484,528,81,44,45.22,4522.0,3578.0,1.2638
SPY,2025-11-27,3,403,484,515,81,31,45.2,4520.0,3580.0,1.2626
SPY,2025-11-29,5,379,503,521,124,18,69.19,6919.0,5481.0,1.2624
SPY,2025-12-01,7,379,503,534,124,31,69.16,6916.0,5484.0,1.2611
SPY,2025-11-29,5,403,484,515,81,31,45.17,4517.0,3583.0,1.2607
SPY,2025-12-01,7,379,503,515,124,12,69.12,6912.0,5488.0,1.2595
SPY,2025-11-27,3,403,484,503,81,19,45.14,4514.0,3586.0,1.2588
SPY,2025-11-29,5,379,503,528,124,25,69.1,6910.0,5490.0,1.2587
SPY,2025-11-29,5,379,503,534,124,31,69.09,6909.0,5491.0,1.2582
SPY,2025-11-29,5,397,490,503,93,13,51.81,5181.0,4119.0,1.2578
SPY,2025-12-01,7,379,503,540,124,37,69.06,6906.0,5494.0,1.257
SPY,2025-11-27,3,403,484,540,81,56,45.07,4507.0,3593.0,1.2544
SPY,2025-11-27,3,403,484,521,81,37,45.03,4503.0,3597.0,1.2519
SPY,2025-11-27,3,403,484,497,81,13,45.02,4502.0,3598.0,1.2513
SPY,2025-11-29,5,379,503,515,124,12,68.88,6888.0,5512.0,1.2496
SPY,2025-11-27,3,397,490,509,93,19,51.64,5164.0,4136.0,1.2485
SPY,2025-11-27,3,397,490,528,93,38,51.63,5163.0,4137.0,1.248
SPY,2025-11-27,3,397,490,515,93,25,51.61,5161.0,4139.0,1.2469
SPY,2025-11-27,3,403,484,534,81,50,44.94,4494.0,3606.0,1.2463
SPY,2025-11-27,3,397,490,503,93,13,51.55,5155.0,4145.0,1.2437
SPY,2025-11-27,3,397,490,540,93,50,51.48,5148.0,4152.0,1.2399
SPY,2025-11-29,5,397,490,509,93,19,51.47,5147.0,4153.0,1.2393
SPY,2025-11-29,5,397,490,497,93,7,51.47,5147.0,4153.0,1.2393
SPY,2025-11-27,3,397,490,521,93,31,51.44,5144.0,4156.0,1.2377
SPY,2025-11-27,3,397,490,497,93,7,51.43,5143.0,4157.0,1.2372
SPY,2025-11-29,5,391,497,503,106,6,58.61,5861.0,4739.0,1.2368
SPY,2025-11-29,5,397,490,540,93,50,51.41,5141.0,4159.0,1.2361
SPY,2025-11-27,3,391,497,509,106,12,58.58,5858.0,4742.0,1.2353
SPY,2025-11-27,3,391,497,528,106,31,58.57,5857.0,4743.0,1.2349
SPY,2025-11-27,3,391,497,515,106,18,58.55,5855.0,4745.0,1.2339
SPY,2025-11-29,5,397,490,521,93,31,51.36,5136.0,4164.0,1.2334
SPY,2025-11-27,3,397,490,534,93,44,51.35,5135.0,4165.0,1.2329
SPY,2025-11-27,3,391,497,503,106,6,58.49,5849.0,4751.0,1.2311
SPY,2025-11-29,5,397,490,528,93,38,51.27,5127.0,4173.0,1.2286
SPY,2025-11-29,5,397,490,534,93,44,51.26,5126.0,4174.0,1.2281
SPY,2025-11-27,3,391,497,540,106,43,58.42,5842.0,4758.0,1.2278
SPY,2025-11-27,3,391,497,521,106,24,58.38,5838.0,4762.0,1.226
SPY,2025-11-27,3,391,497,534,106,37,58.29,5829.0,4771.0,1.2218
SPY,2025-11-29,5,391,497,509,106,12,58.27,5827.0,4773.0,1.2208
SPY,2025-11-29,5,391,497,540,106,43,58.21,5821.0,4779.0,1.218
SPY,2025-11-29,5,397,490,515,93,25,51.05,5105.0,4195.0,1.2169
SPY,2025-11-29,5,391,497,521,106,24,58.16,5816.0,4784.0,1.2157
SPY,2025-11-29,5,391,497,528,106,31,58.07,5807.0,4793.0,1.2116
SPY,2025-11-29,5,391,497,534,106,37,58.06,5806.0,4794.0,1.2111
SPY,2025-11-29,5,391,497,515,106,18,57.85,5785.0,4815.0,1.2015
SPY,2025-11-27,3,385,503,509,118,6,64.25,6425.0,5375.0,1.1953
SPY,2025-11-27,3,385,503,528,118,25,64.24,6424.0,5376.0,1.1949
SPY,2025-11-27,3,385,503,515,118,12,64.22,6422.0,5378.0,1.1941
SPY,2025-12-01,7,397,490,497,93,7,50.57,5057.0,4243.0,1.1918
SPY,2025-11-27,3,385,503,540,118,37,64.09,6409.0,5391.0,1.1888
SPY,2025-12-01,7,397,490,503,93,13,50.5,5050.0,4250.0,1.1882
SPY,2025-11-27,3,385,503,521,118,18,64.05,6405.0,5395.0,1.1872
SPY,2025-12-01,7,391,497,503,106,6,57.51,5751.0,4849.0,1.186
SPY,2025-11-27,3,385,503,534,118,31,63.96,6396.0,5404.0,1.1836
SPY,2025-12-01,7,410,484,490,74,6,40.03,4003.0,3397.0,1.1784
SPY,2025-11-29,5,410,484,490,74,6,40.01,4001.0,3399.0,1.1771
SPY,2025-12-01,7,397,490,509,93,19,50.23,5023.0,4277.0,1.1744
SPY,2025-12-01,7,391,497,509,106,12,57.24,5724.0,4876.0,1.1739
SPY,2025-11-29,5,410,484,503,74,19,39.95,3995.0,3405.0,1.1733
SPY,2025-12-01,7,397,490,528,93,38,50.19,5019.0,4281.0,1.1724
SPY,2025-12-01,7,391,497,528,106,31,57.2,5720.0,4880.0,1.1721
SPY,2025-12-01,7,397,490,521,93,31,50.17,5017.0,4283.0,1.1714
SPY,2025-12-01,7,391,497,521,106,24,57.18,5718.0,4882.0,1.1712
SPY,2025-12-01,7,385,503,509,118,6,63.64,6364.0,5436.0,1.1707
SPY,2025-12-01,7,385,503,528,118,25,63.6,6360.0,5440.0,1.1691
SPY,2025-12-01,7,385,503,521,118,18,63.58,6358.0,5442.0,1.1683
SPY,2025-12-01,7,391,497,534,106,37,57.1,5710.0,4890.0,1.1677
SPY,2025-12-01,7,397,490,534,93,44,50.09,5009.0,4291.0,1.1673
SPY,2025-12-01,7,391,497,515,106,18,57.06,5706.0,4894.0,1.1659
SPY,2025-12-01,7,397,490,515,93,25,50.05,5005.0,4295.0,1.1653
SPY,2025-12-01,7,385,503,534,118,31,63.5,6350.0,5450.0,1.1651
SPY,2025-11-29,5,385,503,509,118,6,63.47,6347.0,5453.0,1.1639
SPY,2025-12-01,7,385,503,515,118,12,63.46,6346.0,5454.0,1.1635
SPY,2025-12-01,7,391,497,540,106,43,57.0,5700.0,4900.0,1.1633
SPY,2025-12-01,7,397,490,540,93,50,49.99,4999.0,4301.0,1.1623
SPY,2025-11-29,5,385,503,540,118,37,63.41,6341.0,5459.0,1.1616
SPY,2025-12-01,7,385,503,540,118,37,63.4,6340.0,5460.0,1.1612
SPY,2025-11-29,5,385,503,521,118,18,63.36,6336.0,5464.0,1.1596
SPY,2025-11-29,5,385,503,528,118,25,63.27,6327.0,5473.0,1.156
SPY,2025-11-29,5,385,503,534,118,31,63.26,6326.0,5474.0,1.1556
SPY,2025-11-29,5,410,484,509,74,25,39.61,3961.0,3439.0,1.1518
SPY,2025-11-29,5,410,484,497,74,13,39.61,3961.0,3439.0,1.1518
SPY,2025-11-29,5,410,484,540,74,56,39.55,3955.0,3445.0,1.148
SPY,2025-11-29,5,385,503,515,118,12,63.05,6305.0,5495.0,1.1474
SPY,2025-11-29,5,410,484,521,74,37,39.5,3950.0,3450.0,1.1449
SPY,2025-12-01,7,410,484,497,74,13,39.44,3944.0,3456.0,1.1412
SPY,2025-11-29,5,410,484,528,74,44,39.41,3941.0,3459.0,1.1393
SPY,2025-11-29,5,410,484,534,74,50,39.4,3940.0,3460.0,1.1387
SPY,2025-12-01,7,410,484,503,74,19,39.37,3937.0,3463.0,1.1369
SPY,2025-11-29,5,410,484,515,74,31,39.19,3919.0,3481.0,1.1258
SPY,2025-12-01,7,410,484,509,74,25,39.1,3910.0,3490.0,1.1203
SPY,2025-11-27,3,410,484,490,74,6,39.08,3908.0,3492.0,1.1191
SPY,2025-12-01,7,410,484,528,74,44,39.06,3906.0,3494.0,1.1179
SPY,2025-11-27,3,397,497,509,100,12,52.76,5276.0,4724.0,1.1169
SPY,2025-12-01,7,410,484,521,74,37,39.04,3904.0,3496.0,1.1167
SPY,2025-11-27,3,397,497,528,100,31,52.75,5275.0,4725.0,1.1164
SPY,2025-11-27,3,397,497,515,100,18,52.73,5273.0,4727.0,1.1155
SPY,2025-11-27,3,397,497,503,100,6,52.67,5267.0,4733.0,1.1128
SPY,2025-12-01,7,410,484,534,74,50,38.96,3896.0,3504.0,1.1119
SPY,2025-11-29,5,397,497,503,100,6,52.63,5263.0,4737.0,1.111
SPY,2025-11-27,3,397,497,540,100,43,52.6,5260.0,4740.0,1.1097
SPY,2025-12-01,7,410,484,515,74,31,38.92,3892.0,3508.0,1.1095
SPY,2025-11-27,3,397,497,521,100,24,52.56,5256.0,4744.0,1.1079
SPY,2025-12-01,7,410,484,540,74,56,38.86,3886.0,3514.0,1.1059
SPY,2025-11-27,3,397,497,534,100,37,52.47,5247.0,4753.0,1.1039
SPY,2025-11-27,3,410,484,509,74,25,38.74,3874.0,3526.0,1.0987
SPY,2025-11-27,3,410,484,528,74,44,38.73,3873.0,3527.0,1.0981
SPY,2025-11-27,3,410,484,515,74,31,38.71,3871.0,3529.0,1.0969
SPY,2025-11-29,5,397,497,509,100,12,52.29,5229.0,4771.0,1.096
SPY,2025-11-27,3,403,490,509,87,19,45.45,4545.0,4155.0,1.0939
SPY,2025-11-29,5,397,497,540,100,43,52.23,5223.0,4777.0,1.0934
SPY,2025-11-27,3,410,484,503,74,19,38.65,3865.0,3535.0,1.0934
SPY,2025-11-27,3,403,490,528,87,38,45.44,4544.0,4156.0,1.0934
SPY,2025-11-29,5,403,490,503,87,13,45.43,4543.0,4157.0,1.0929
SPY,2025-11-27,3,403,490,515,87,25,45.42,4542.0,4158.0,1.0924
SPY,2025-11-29,5,397,497,521,100,24,52.18,5218.0,4782.0,1.0912
SPY,2025-11-27,3,403,490,503,87,13,45.36,4536.0,4164.0,1.0893
SPY,2025-11-27,3,410,484,540,74,56,38.58,3858.0,3542.0,1.0892
SPY,2025-11-29,5,397,497,528,100,31,52.09,5209.0,4791.0,1.0872
SPY,2025-11-27,3,391,503,509,112,6,58.34,5834.0,5366.0,1.0872
SPY,2025-11-27,3,410,484,521,74,37,38.54,3854.0,3546.0,1.0869
SPY,2025-11-29,5,397,497,534,100,37,52.08,5208.0,4792.0,1.0868
SPY,2025-11-27,3,391,503,528,112,25,58.33,5833.0,5367.0,1.0868
SPY,2025-11-27,3,410,484,497,74,13,38.53,3853.0,3547.0,1.0863
SPY,2025-11-27,3,391,503,515,112,12,58.31,5831.0,5369.0,1.086
SPY,2025-11-27,3,403,490,540,87,50,45.29,4529.0,4171.0,1.0858
SPY,2025-11-27,3,403,490,521,87,31,45.25,4525.0,4175.0,1.0838
SPY,2025-11-27,3,403,490,497,87,7,45.24,4524.0,4176.0,1.0833
SPY,2025-11-27,3,410,484,534,74,50,38.45,3845.0,3555.0,1.0816
SPY,2025-11-27,3,391,503,540,112,37,58.18,5818.0,5382.0,1.081
SPY,2025-11-27,3,391,503,521,112,18,58.14,5814.0,5386.0,1.0795
SPY,2025-11-27,3,403,490,534,87,44,45.16,4516.0,4184.0,1.0793
SPY,2025-11-29,5,397,497,515,100,18,51.87,5187.0,4813.0,1.0777
SPY,2025-11-27,3,391,503,534,112,31,58.05,5805.0,5395.0,1.076
SPY,2025-11-29,5,403,490,509,87,19,45.09,4509.0,4191.0,1.0759
SPY,2025-11-29,5,403,490,497,87,7,45.09,4509.0,4191.0,1.0759
SPY,2025-11-29,5,403,490,540,87,50,45.03,4503.0,4197.0,1.0729
SPY,2025-12-01,7,397,497,503,100,6,51.72,5172.0,4828.0,1.0713
SPY,2025-11-29,5,403,490,521,87,31,44.98,4498.0,4202.0,1.0704
SPY,2025-11-29,5,403,490,528,87,38,44.89,4489.0,4211.0,1.066
SPY,2025-11-29,5,403,490,534,87,44,44.88,4488.0,4212.0,1.0655
SPY,2025-12-01,7,397,497,509,100,12,51.45,5145.0,4855.0,1.0597
SPY,2025-12-01,7,397,497,528,100,31,51.41,5141.0,4859.0,1.058
SPY,2025-11-29,5,391,503,509,112,6,57.57,5757.0,5443.0,1.0577
SPY,2025-12-01,7,397,497,521,100,24,51.39,5139.0,4861.0,1.0572
SPY,2025-12-01,7,403,490,497,87,7,44.7,4470.0,4230.0,1.0567
SPY,2025-11-29,5,391,503,540,112,37,57.51,5751.0,5449.0,1.0554
SPY,2025-11-29,5,403,490,515,87,25,44.67,4467.0,4233.0,1.0553
SPY,2025-12-01,7,397,497,534,100,37,51.31,5131.0,4869.0,1.0538
SPY,2025-11-29,5,391,503,521,112,18,57.46,5746.0,5454.0,1.0535
SPY,2025-12-01,7,403,490,503,87,13,44.63,4463.0,4237.0,1.0533
SPY,2025-12-01,7,397,497,515,100,18,51.27,5127.0,4873.0,1.0521
SPY,2025-12-01,7,391,503,509,112,6,57.38,5738.0,5462.0,1.0505
SPY,2025-11-29,5,391,503,528,112,25,57.37,5737.0,5463.0,1.0502
SPY,2025-11-29,5,391,503,534,112,31,57.36,5736.0,5464.0,1.0498
SPY,2025-12-01,7,397,497,540,100,43,51.21,5121.0,4879.0,1.0496
SPY,2025-12-01,7,391,503,528,112,25,57.34,5734.0,5466.0,1.049
SPY,2025-12-01,7,391,503,521,112,18,57.32,5732.0,5468.0,1.0483
SPY,2025-12-01,7,391,503,534,112,31,57.24,5724.0,5476.0,1.0453
SPY,2025-12-01,7,391,503,515,112,12,57.2,5720.0,5480.0,1.0438
SPY,2025-11-29,5,391,503,515,112,12,57.15,5715.0,5485.0,1.0419
SPY,2025-12-01,7,391,503,540,112,37,57.14,5714.0,5486.0,1.0416
SPY,2025-12-01,7,403,490,509,87,19,44.36,4436.0,4264.0,1.0403
SPY,2025-12-01,7,403,490,528,87,38,44.32,4432.0,4268.0,1.0384
SPY,2025-12-01,7,403,490,521,87,31,44.3,4430.0,4270.0,1.0375
SPY,2025-12-01,7,403,490,534,87,44,44.22,4422.0,4278.0,1.0337
SPY,2025-12-01,7,403,490,515,87,25,44.18,4418.0,4282.0,1.0318
SPY,2025-12-01,7,403,490,540,87,50,44.12,4412.0,4288.0,1.0289
SPY,2025-12-01,7,416,484,490,68,6,34.45,3445.0,3355.0,1.0268
SPY,2025-11-29,5,416,484,490,68,6,34.05,3405.0,3395.0,1.0029
SPY,2025-11-29,5,416,484,503,68,19,33.99,3399.0,3401.0,0.9994
SPY,2025-12-01,7,416,484,497,68,13,33.86,3386.0,3414.0,0.9918
SPY,2025-12-01,7,416,484,503,68,19,33.79,3379.0,3421.0,0.9877
SPY,2025-11-27,3,397,503,509,106,6,52.52,5252.0,5348.0,0.982
SPY,2025-11-27,3,403,497,509,94,12,46.57,4657.0,4743.0,0.9819
SPY,2025-11-27,3,397,503,528,106,25,52.51,5251.0,5349.0,0.9817
SPY,2025-11-27,3,403,497,528,94,31,46.56,4656.0,4744.0,0.9815
SPY,2025-11-27,3,397,503,515,106,12,52.49,5249.0,5351.0,0.9809
SPY,2025-11-27,3,403,497,515,94,18,46.54,4654.0,4746.0,0.9806
SPY,2025-11-29,5,416,484,497,68,13,33.65,3365.0,3435.0,0.9796
SPY,2025-11-29,5,416,484,509,68,25,33.65,3365.0,3435.0,0.9796
SPY,2025-11-27,3,403,497,503,94,6,46.48,4648.0,4752.0,0.9781
SPY,2025-11-29,5,416,484,540,68,56,33.59,3359.0,3441.0,0.9762
SPY,2025-11-27,3,397,503,540,106,37,52.36,5236.0,5364.0,0.9761
SPY,2025-11-27,3,403,497,540,94,43,46.41,4641.0,4759.0,0.9752
SPY,2025-11-27,3,397,503,521,106,18,52.32,5232.0,5368.0,0.9747
SPY,2025-11-27,3,403,497,521,94,24,46.37,4637.0,4763.0,0.9735
SPY,2025-11-29,5,416,484,521,68,37,33.54,3354.0,3446.0,0.9733
SPY,2025-11-29,5,410,490,503,80,13,39.45,3945.0,4055.0,0.9729
SPY,2025-12-01,7,416,484,509,68,25,33.52,3352.0,3448.0,0.9722
SPY,2025-11-27,3,397,503,534,106,31,52.23,5223.0,5377.0,0.9714
SPY,2025-12-01,7,416,484,528,68,44,33.48,3348.0,3452.0,0.9699
SPY,2025-11-27,3,403,497,534,94,37,46.28,4628.0,4772.0,0.9698
SPY,2025-12-01,7,416,484,521,68,37,33.46,3346.0,3454.0,0.9687
SPY,2025-11-29,5,403,497,503,94,6,46.25,4625.0,4775.0,0.9686
SPY,2025-11-29,5,416,484,528,68,44,33.45,3345.0,3455.0,0.9682
SPY,2025-11-29,5,416,484,534,68,50,33.44,3344.0,3456.0,0.9676
SPY,2025-12-01,7,416,484,534,68,50,33.38,3338.0,3462.0,0.9642
SPY,2025-12-01,7,416,484,515,68,31,33.34,3334.0,3466.0,0.9619
SPY,2025-12-01,7,416,484,540,68,56,33.28,3328.0,3472.0,0.9585
SPY,2025-11-29,5,410,490,509,80,19,39.11,3911.0,4089.0,0.9565
SPY,2025-11-29,5,410,490,497,80,7,39.11,3911.0,4089.0,0.9565
SPY,2025-11-29,5,416,484,515,68,31,33.23,3323.0,3477.0,0.9557
SPY,2025-11-29,5,403,497,509,94,12,45.91,4591.0,4809.0,0.9547
SPY,2025-11-29,5,410,490,540,80,50,39.05,3905.0,4095.0,0.9536
SPY,2025-11-29,5,403,497,540,94,43,45.85,4585.0,4815.0,0.9522
SPY,2025-12-01,7,403,497,503,94,6,45.85,4585.0,4815.0,0.9522
SPY,2025-11-29,5,410,490,521,80,31,39.0,3900.0,4100.0,0.9512
SPY,2025-11-29,5,403,497,521,94,24,45.8,4580.0,4820.0,0.9502
SPY,2025-11-27,3,416,484,490,68,6,33.13,3313.0,3487.0,0.9501
SPY,2025-11-27,3,410,490,509,80,19,38.96,3896.0,4104.0,0.9493
SPY,2025-11-27,3,410,490,528,80,38,38.95,3895.0,4105.0,0.9488
SPY,2025-12-01,7,397,503,509,106,6,51.59,5159.0,5441.0,0.9482
SPY,2025-11-29,5,397,503,509,106,6,51.59,5159.0,5441.0,0.9482
SPY,2025-11-27,3,410,490,515,80,25,38.93,3893.0,4107.0,0.9479
SPY,2025-11-29,5,410,490,528,80,38,38.91,3891.0,4109.0,0.9469
SPY,2025-12-01,7,397,503,528,106,25,51.55,5155.0,5445.0,0.9467
SPY,2025-11-29,5,403,497,528,94,31,45.71,4571.0,4829.0,0.9466
SPY,2025-11-29,5,410,490,534,80,44,38.9,3890.0,4110.0,0.9465
SPY,2025-11-29,5,403,497,534,94,37,45.7,4570.0,4830.0,0.9462
SPY,2025-11-29,5,397,503,540,106,37,51.53,5153.0,5447.0,0.946
SPY,2025-12-01,7,397,503,521,106,18,51.53,5153.0,5447.0,0.946
SPY,2025-11-27,3,410,490,503,80,13,38.87,3887.0,4113.0,0.9451
SPY,2025-11-29,5,397,503,521,106,18,51.48,5148.0,5452.0,0.9442
SPY,2025-12-01,7,397,503,534,106,31,51.45,5145.0,5455.0,0.9432
SPY,2025-11-27,3,410,490,540,80,50,38.8,3880.0,4120.0,0.9417
SPY,2025-12-01,7,397,503,515,106,12,51.41,5141.0,5459.0,0.9417
SPY,2025-12-01,7,403,497,509,94,12,45.58,4558.0,4842.0,0.9413
SPY,2025-11-29,5,397,503,528,106,25,51.39,5139.0,5461.0,0.941
SPY,2025-11-29,5,397,503,534,106,31,51.38,5138.0,5462.0,0.9407
SPY,2025-11-27,3,410,490,521,80,31,38.76,3876.0,4124.0,0.9399
SPY,2025-12-01,7,403,497,528,94,31,45.54,4554.0,4846.0,0.9397
SPY,2025-12-01,7,397,503,540,106,37,51.35,5135.0,5465.0,0.9396
SPY,2025-11-27,3,410,490,497,80,7,38.75,3875.0,4125.0,0.9394
SPY,2025-12-01,7,403,497,521,94,24,45.52,4552.0,4848.0,0.9389
SPY,2025-11-29,5,403,497,515,94,18,45.49,4549.0,4851.0,0.9377
SPY,2025-11-29,5,410,490,515,80,25,38.69,3869.0,4131.0,0.9366
SPY,2025-12-01,7,403,497,534,94,37,45.44,4544.0,4856.0,0.9357
SPY,2025-11-27,3,410,490,534,80,44,38.67,3867.0,4133.0,0.9356
SPY,2025-12-01,7,403,497,515,94,18,45.4,4540.0,4860.0,0.9342
SPY,2025-11-29,5,397,503,515,106,12,51.17,5117.0,5483.0,0.9332
SPY,2025-12-01,7,403,497,540,94,43,45.34,4534.0,4866.0,0.9318
SPY,2025-11-27,3,416,484,509,68,25,32.79,3279.0,3521.0,0.9313
SPY,2025-11-27,3,416,484,528,68,44,32.78,3278.0,3522.0,0.9307
SPY,2025-11-27,3,416,484,515,68,31,32.76,3276.0,3524.0,0.9296
SPY,2025-11-27,3,416,484,503,68,19,32.7,3270.0,3530.0,0.9263
SPY,2025-11-27,3,416,484,540,68,56,32.63,3263.0,3537.0,0.9225
SPY,2025-11-27,3,416,484,521,68,37,32.59,3259.0,3541.0,0.9204
SPY,2025-11-27,3,416,484,497,68,13,32.58,3258.0,3542.0,0.9198
SPY,2025-12-01,7,410,490,497,80,7,38.3,3830.0,4170.0,0.9185
SPY,2025-11-27,3,416,484,534,68,50,32.5,3250.0,3550.0,0.9155
SPY,2025-12-01,7,410,490,503,80,13,38.23,3823.0,4177.0,0.9153
SPY,2025-12-01,7,410,490,509,80,19,37.96,3796.0,4204.0,0.9029
SPY,2025-12-01,7,410,490,528,80,38,37.92,3792.0,4208.0,0.9011
SPY,2025-12-01,7,410,490,521,80,31,37.9,3790.0,4210.0,0.9002
SPY,2025-12-01,7,410,490,534,80,44,37.82,3782.0,4218.0,0.8966
SPY,2025-12-01,7,410,490,515,80,25,37.78,3778.0,4222.0,0.8948
SPY,2025-12-01,7,410,490,540,80,50,37.72,3772.0,4228.0,0.8921
SPY,2025-11-27,3,403,503,509,100,6,46.33,4633.0,5367.0,0.8632
SPY,2025-11-27,3,403,503,528,100,25,46.32,4632.0,5368.0,0.8629
SPY,2025-11-27,3,403,503,515,100,12,46.3,4630.0,5370.0,0.8622
SPY,2025-11-29,5,410,497,503,87,6,40.27,4027.0,4673.0,0.8618
SPY,2025-11-27,3,403,503,540,100,37,46.17,4617.0,5383.0,0.8577
SPY,2025-11-27,3,403,503,521,100,18,46.13,4613.0,5387.0,0.8563
SPY,2025-11-27,3,410,497,509,87,12,40.08,4008.0,4692.0,0.8542
SPY,2025-11-27,3,410,497,528,87,31,40.07,4007.0,4693.0,0.8538
SPY,2025-11-27,3,403,503,534,100,31,46.04,4604.0,5396.0,0.8532
SPY,2025-11-27,3,410,497,515,87,18,40.05,4005.0,4695.0,0.853
SPY,2025-11-27,3,410,497,503,87,6,39.99,3999.0,4701.0,0.8507
SPY,2025-11-29,5,410,497,509,87,12,39.93,3993.0,4707.0,0.8483
SPY,2025-11-27,3,410,497,540,87,43,39.92,3992.0,4708.0,0.8479
SPY,2025-11-27,3,410,497,521,87,24,39.88,3988.0,4712.0,0.8463
SPY,2025-11-29,5,410,497,540,87,43,39.87,3987.0,4713.0,0.846
SPY,2025-11-29,5,410,497,521,87,24,39.82,3982.0,4718.0,0.844
SPY,2025-11-27,3,410,497,534,87,37,39.79,3979.0,4721.0,0.8428
SPY,2025-12-01,7,403,503,509,100,6,45.72,4572.0,5428.0,0.8423
SPY,2025-12-01,7,422,484,490,62,6,28.33,2833.0,3367.0,0.8414
SPY,2025-12-01,7,403,503,528,100,25,45.68,4568.0,5432.0,0.8409
SPY,2025-11-29,5,410,497,528,87,31,39.73,3973.0,4727.0,0.8405
SPY,2025-12-01,7,403,503,521,100,18,45.66,4566.0,5434.0,0.8403
SPY,2025-11-29,5,410,497,534,87,37,39.72,3972.0,4728.0,0.8401
SPY,2025-12-01,7,403,503,534,100,31,45.58,4558.0,5442.0,0.8376
SPY,2025-12-01,7,403,503,515,100,12,45.54,4554.0,5446.0,0.8362
SPY,2025-12-01,7,403,503,540,100,37,45.48,4548.0,5452.0,0.8342
SPY,2025-11-29,5,410,497,515,87,18,39.51,3951.0,4749.0,0.832
SPY,2025-12-01,7,410,497,503,87,6,39.45,3945.0,4755.0,0.8297
SPY,2025-11-29,5,416,490,503,74,13,33.49,3349.0,4051.0,0.8267
SPY,2025-11-29,5,403,503,509,100,6,45.21,4521.0,5479.0,0.8252
SPY,2025-11-29,5,422,484,490,62,6,28.01,2801.0,3399.0,0.8241
SPY,2025-11-29,5,403,503,540,100,37,45.15,4515.0,5485.0,0.8232
SPY,2025-11-29,5,403,503,521,100,18,45.1,4510.0,5490.0,0.8215
SPY,2025-11-29,5,422,484,503,62,19,27.95,2795.0,3405.0,0.8209
SPY,2025-12-01,7,410,497,509,87,12,39.18,3918.0,4782.0,0.8193
SPY,2025-11-29,5,403,503,528,100,25,45.01,4501.0,5499.0,0.8185
SPY,2025-11-29,5,403,503,534,100,31,45.0,4500.0,5500.0,0.8182
SPY,2025-12-01,7,410,497,528,87,31,39.14,3914.0,4786.0,0.8178
SPY,2025-12-01,7,410,497,521,87,24,39.12,3912.0,4788.0,0.817
SPY,2025-12-01,7,410,497,534,87,37,39.04,3904.0,4796.0,0.814
SPY,2025-12-01,7,410,497,515,87,18,39.0,3900.0,4800.0,0.8125
SPY,2025-11-29,5,416,490,509,74,19,33.15,3315.0,4085.0,0.8115
SPY,2025-11-29,5,416,490,497,74,7,33.15,3315.0,4085.0,0.8115
SPY,2025-11-29,5,403,503,515,100,12,44.79,4479.0,5521.0,0.8113
SPY,2025-12-01,7,410,497,540,87,43,38.94,3894.0,4806.0,0.8102
SPY,2025-12-01,7,422,484,497,62,13,27.74,2774.0,3426.0,0.8097
SPY,2025-11-29,5,416,490,540,74,50,33.09,3309.0,4091.0,0.8088
SPY,2025-11-29,5,416,490,521,74,31,33.04,3304.0,4096.0,0.8066
SPY,2025-12-01,7,422,484,503,62,19,27.67,2767.0,3433.0,0.806
SPY,2025-11-27,3,416,490,509,74,19,33.01,3301.0,4099.0,0.8053
SPY,2025-11-27,3,416,490,528,74,38,33.0,3300.0,4100.0,0.8049
SPY,2025-11-27,3,416,490,515,74,25,32.98,3298.0,4102.0,0.804
SPY,2025-11-29,5,422,484,509,62,25,27.61,2761.0,3439.0,0.8028
SPY,2025-11-29,5,422,484,497,62,13,27.61,2761.0,3439.0,0.8028
SPY,2025-11-29,5,416,490,528,74,38,32.95,3295.0,4105.0,0.8027
SPY,2025-11-29,5,416,490,534,74,44,32.94,3294.0,4106.0,0.8022
SPY,2025-11-27,3,416,490,503,74,13,32.92,3292.0,4108.0,0.8014
SPY,2025-11-27,3,422,484,490,62,6,27.55,2755.0,3445.0,0.7997
SPY,2025-11-29,5,422,484,540,62,56,27.55,2755.0,3445.0,0.7997
SPY,2025-11-27,3,416,490,540,74,50,32.85,3285.0,4115.0,0.7983
SPY,2025-11-29,5,422,484,521,62,37,27.5,2750.0,3450.0,0.7971
SPY,2025-11-27,3,416,490,521,74,31,32.81,3281.0,4119.0,0.7966
SPY,2025-11-27,3,416,490,497,74,7,32.8,3280.0,4120.0,0.7961
SPY,2025-11-29,5,416,490,515,74,25,32.73,3273.0,4127.0,0.7931
SPY,2025-11-27,3,416,490,534,74,44,32.72,3272.0,4128.0,0.7926
SPY,2025-12-01,7,416,490,497,74,7,32.72,3272.0,4128.0,0.7926
SPY,2025-11-29,5,422,484,528,62,44,27.41,2741.0,3459.0,0.7924
SPY,2025-12-01,7,422,484,509,62,25,27.4,2740.0,3460.0,0.7919
SPY,2025-11-29,5,422,484,534,62,50,27.4,2740.0,3460.0,0.7919
SPY,2025-12-01,7,422,484,528,62,44,27.36,2736.0,3464.0,0.7898
SPY,2025-12-01,7,416,490,503,74,13,32.65,3265.0,4135.0,0.7896
SPY,2025-12-01,7,422,484,521,62,37,27.34,2734.0,3466.0,0.7888
SPY,2025-12-01,7,422,484,534,62,50,27.26,2726.0,3474.0,0.7847
SPY,2025-12-01,7,422,484,515,62,31,27.22,2722.0,3478.0,0.7826
SPY,2025-11-27,3,422,484,509,62,25,27.21,2721.0,3479.0,0.7821
SPY,2025-11-27,3,422,484,528,62,44,27.2,2720.0,3480.0,0.7816
SPY,2025-11-29,5,422,484,515,62,31,27.19,2719.0,3481.0,0.7811
SPY,2025-11-27,3,422,484,515,62,31,27.18,2718.0,3482.0,0.7806
SPY,2025-12-01,7,422,484,540,62,56,27.16,2716.0,3484.0,0.7796
SPY,2025-12-01,7,416,490,509,74,19,32.38,3238.0,4162.0,0.778
SPY,2025-11-27,3,422,484,503,62,19,27.12,2712.0,3488.0,0.7775
SPY,2025-12-01,7,416,490,528,74,38,32.34,3234.0,4166.0,0.7763
SPY,2025-12-01,7,416,490,521,74,31,32.32,3232.0,4168.0,0.7754
SPY,2025-11-27,3,422,484,540,62,56,27.05,2705.0,3495.0,0.774
SPY,2025-12-01,7,416,490,534,74,44,32.24,3224.0,4176.0,0.772
SPY,2025-11-27,3,422,484,521,62,37,27.01,2701.0,3499.0,0.7719
SPY,2025-11-27,3,422,484,497,62,13,27.0,2700.0,3500.0,0.7714
SPY,2025-12-01,7,416,490,515,74,25,32.2,3220.0,4180.0,0.7703
SPY,2025-12-01,7,416,490,540,74,50,32.14,3214.0,4186.0,0.7678
SPY,2025-11-27,3,422,484,534,62,50,26.92,2692.0,3508.0,0.7674
SPY,2025-11-27,3,410,503,509,93,6,39.84,3984.0,5316.0,0.7494
SPY,2025-11-27,3,410,503,528,93,25,39.83,3983.0,5317.0,0.7491
SPY,2025-11-27,3,410,503,515,93,12,39.81,3981.0,5319.0,0.7484
SPY,2025-11-27,3,410,503,540,93,37,39.68,3968.0,5332.0,0.7442
SPY,2025-11-27,3,410,503,521,93,18,39.64,3964.0,5336.0,0.7429
SPY,2025-11-27,3,410,503,534,93,31,39.55,3955.0,5345.0,0.7399
SPY,2025-11-29,5,416,497,503,81,6,34.31,3431.0,4669.0,0.7348
SPY,2025-12-01,7,410,503,509,93,6,39.32,3932.0,5368.0,0.7325
SPY,2025-12-01,7,410,503,528,93,25,39.28,3928.0,5372.0,0.7312
SPY,2025-12-01,7,410,503,521,93,18,39.26,3926.0,5374.0,0.7306
SPY,2025-11-29,5,410,503,509,93,6,39.23,3923.0,5377.0,0.7296
SPY,2025-11-27,3,416,497,509,81,12,34.13,3413.0,4687.0,0.7282
SPY,2025-12-01,7,410,503,534,93,31,39.18,3918.0,5382.0,0.728
SPY,2025-11-27,3,416,497,528,81,31,34.12,3412.0,4688.0,0.7278
SPY,2025-11-29,5,410,503,540,93,37,39.17,3917.0,5383.0,0.7277
SPY,2025-11-27,3,416,497,515,81,18,34.1,3410.0,4690.0,0.7271
SPY,2025-12-01,7,410,503,515,93,12,39.14,3914.0,5386.0,0.7267
SPY,2025-11-29,5,410,503,521,93,18,39.12,3912.0,5388.0,0.7261
SPY,2025-11-27,3,416,497,503,81,6,34.04,3404.0,4696.0,0.7249
SPY,2025-12-01,7,410,503,540,93,37,39.08,3908.0,5392.0,0.7248
SPY,2025-11-29,5,410,503,528,93,25,39.03,3903.0,5397.0,0.7232
SPY,2025-11-29,5,410,503,534,93,31,39.02,3902.0,5398.0,0.7229
SPY,2025-11-29,5,416,497,509,81,12,33.97,3397.0,4703.0,0.7223
SPY,2025-11-27,3,416,497,540,81,43,33.97,3397.0,4703.0,0.7223
SPY,2025-11-27,3,416,497,521,81,24,33.93,3393.0,4707.0,0.7208
SPY,2025-11-29,5,416,497,540,81,43,33.91,3391.0,4709.0,0.7201
SPY,2025-12-01,7,416,497,503,81,6,33.87,3387.0,4713.0,0.7187
SPY,2025-11-29,5,416,497,521,81,24,33.86,3386.0,4714.0,0.7183
SPY,2025-11-27,3,416,497,534,81,37,33.84,3384.0,4716.0,0.7176
SPY,2025-11-29,5,410,503,515,93,12,38.81,3881.0,5419.0,0.7162
SPY,2025-11-29,5,416,497,528,81,31,33.77,3377.0,4723.0,0.715
SPY,2025-11-29,5,416,497,534,81,37,33.76,3376.0,4724.0,0.7146
SPY,2025-12-01,7,416,497,509,81,12,33.6,3360.0,4740.0,0.7089
SPY,2025-12-01,7,416,497,528,81,31,33.56,3356.0,4744.0,0.7074
SPY,2025-11-29,5,416,497,515,81,18,33.55,3355.0,4745.0,0.7071
SPY,2025-12-01,7,416,497,521,81,24,33.54,3354.0,4746.0,0.7067
SPY,2025-12-01,7,416,497,534,81,37,33.46,3346.0,4754.0,0.7038
SPY,2025-12-01,7,416,497,515,81,18,33.42,3342.0,4758.0,0.7024
SPY,2025-12-01,7,416,497,540,81,43,33.36,3336.0,4764.0,0.7003
SPY,2025-11-29,5,422,490,503,68,13,27.45,2745.0,4055.0,0.6769
SPY,2025-11-27,3,422,490,509,68,19,27.43,2743.0,4057.0,0.6761
SPY,2025-11-27,3,422,490,528,68,38,27.42,2742.0,4058.0,0.6757
SPY,2025-11-27,3,422,490,515,68,25,27.4,2740.0,4060.0,0.6749
SPY,2025-11-27,3,422,490,503,68,13,27.34,2734.0,4066.0,0.6724
SPY,2025-11-27,3,422,490,540,68,50,27.27,2727.0,4073.0,0.6695
SPY,2025-11-27,3,422,490,521,68,31,27.23,2723.0,4077.0,0.6679
SPY,2025-11-27,3,422,490,497,68,7,27.22,2722.0,4078.0,0.6675
SPY,2025-11-29,5,428,484,490,56,6,22.39,2239.0,3361.0,0.6662
SPY,2025-11-27,3,422,490,534,68,44,27.14,2714.0,4086.0,0.6642
SPY,2025-11-29,5,428,484,503,56,19,22.33,2233.0,3367.0,0.6632
SPY,2025-11-29,5,422,490,509,68,19,27.11,2711.0,4089.0,0.663
SPY,2025-11-29,5,422,490,497,68,7,27.11,2711.0,4089.0,0.663
SPY,2025-11-29,5,422,490,540,68,50,27.05,2705.0,4095.0,0.6606
SPY,2025-11-29,5,422,490,521,68,31,27.0,2700.0,4100.0,0.6585
SPY,2025-11-29,5,422,490,528,68,38,26.91,2691.0,4109.0,0.6549
SPY,2025-11-29,5,422,490,534,68,44,26.9,2690.0,4110.0,0.6545
SPY,2025-11-29,5,428,484,509,56,25,21.99,2199.0,3401.0,0.6466
SPY,2025-11-29,5,428,484,497,56,13,21.99,2199.0,3401.0,0.6466
SPY,2025-11-29,5,422,490,515,68,25,26.69,2669.0,4131.0,0.6461
SPY,2025-12-01,7,422,490,497,68,7,26.6,2660.0,4140.0,0.6425
SPY,2025-12-01,7,428,484,490,56,6,21.9,2190.0,3410.0,0.6422
SPY,2025-11-29,5,428,484,521,56,37,21.88,2188.0,3412.0,0.6413
SPY,2025-12-01,7,422,490,503,68,13,26.53,2653.0,4147.0,0.6397
SPY,2025-11-27,3,416,503,509,87,6,33.89,3389.0,5311.0,0.6381
SPY,2025-11-27,3,416,503,528,87,25,33.88,3388.0,5312.0,0.6378
SPY,2025-11-27,3,416,503,515,87,12,33.86,3386.0,5314.0,0.6372
SPY,2025-11-29,5,428,484,528,56,44,21.79,2179.0,3421.0,0.6369
SPY,2025-11-29,5,428,484,534,56,50,21.78,2178.0,3422.0,0.6365
SPY,2025-12-01,7,416,503,509,87,6,33.74,3374.0,5326.0,0.6335
SPY,2025-11-27,3,416,503,540,87,37,33.73,3373.0,5327.0,0.6332
SPY,2025-12-01,7,416,503,528,87,25,33.7,3370.0,5330.0,0.6323
SPY,2025-11-27,3,416,503,521,87,18,33.69,3369.0,5331.0,0.632
SPY,2025-12-01,7,416,503,521,87,18,33.68,3368.0,5332.0,0.6317
SPY,2025-12-01,7,416,503,534,87,31,33.6,3360.0,5340.0,0.6292
SPY,2025-11-27,3,416,503,534,87,31,33.6,3360.0,5340.0,0.6292
SPY,2025-12-01,7,422,490,509,68,19,26.26,2626.0,4174.0,0.6291
SPY,2025-12-01,7,416,503,515,87,12,33.56,3356.0,5344.0,0.628
SPY,2025-12-01,7,422,490,528,68,38,26.22,2622.0,4178.0,0.6276
SPY,2025-12-01,7,422,490,521,68,31,26.2,2620.0,4180.0,0.6268
SPY,2025-11-29,5,428,484,515,56,31,21.57,2157.0,3443.0,0.6265
SPY,2025-12-01,7,416,503,540,87,37,33.5,3350.0,5350.0,0.6262
SPY,2025-12-01,7,422,490,534,68,44,26.12,2612.0,4188.0,0.6237
SPY,2025-12-01,7,422,490,515,68,25,26.08,2608.0,4192.0,0.6221
SPY,2025-12-01,7,422,490,540,68,50,26.02,2602.0,4198.0,0.6198
SPY,2025-11-29,5,416,503,509,87,6,33.27,3327.0,5373.0,0.6192
SPY,2025-11-29,5,416,503,540,87,37,33.21,3321.0,5379.0,0.6174
SPY,2025-11-27,3,428,484,490,56,6,21.36,2136.0,3464.0,0.6166
SPY,2025-11-29,5,416,503,521,87,18,33.16,3316.0,5384.0,0.6159
SPY,2025-11-27,3,422,497,509,75,12,28.55,2855.0,4645.0,0.6146
SPY,2025-11-27,3,422,497,528,75,31,28.54,2854.0,4646.0,0.6143
SPY,2025-12-01,7,428,484,497,56,13,21.31,2131.0,3469.0,0.6143
SPY,2025-11-27,3,422,497,515,75,18,28.52,2852.0,4648.0,0.6136
SPY,2025-11-29,5,416,503,528,87,25,33.07,3307.0,5393.0,0.6132
SPY,2025-11-29,5,416,503,534,87,31,33.06,3306.0,5394.0,0.6129
SPY,2025-11-27,3,422,497,503,75,6,28.46,2846.0,4654.0,0.6115
SPY,2025-12-01,7,428,484,503,56,19,21.24,2124.0,3476.0,0.611
SPY,2025-11-27,3,422,497,540,75,43,28.39,2839.0,4661.0,0.6091
SPY,2025-11-27,3,422,497,521,75,24,28.35,2835.0,4665.0,0.6077
SPY,2025-11-29,5,416,503,515,87,12,32.85,3285.0,5415.0,0.6066
SPY,2025-11-29,5,422,497,503,75,6,28.27,2827.0,4673.0,0.605
SPY,2025-11-27,3,422,497,534,75,37,28.26,2826.0,4674.0,0.6046
SPY,2025-11-27,3,428,484,509,56,25,21.02,2102.0,3498.0,0.6009
SPY,2025-11-27,3,428,484,528,56,44,21.01,2101.0,3499.0,0.6005
SPY,2025-11-27,3,428,484,515,56,31,20.99,2099.0,3501.0,0.5995
SPY,2025-12-01,7,428,484,509,56,25,20.97,2097.0,3503.0,0.5986
SPY,2025-12-01,7,428,484,528,56,44,20.93,2093.0,3507.0,0.5968
SPY,2025-11-27,3,428,484,503,56,19,20.93,2093.0,3507.0,0.5968
SPY,2025-12-01,7,428,484,521,56,37,20.91,2091.0,3509.0,0.5959
SPY,2025-11-29,5,422,497,509,75,12,27.93,2793.0,4707.0,0.5934
SPY,2025-12-01,7,428,484,534,56,50,20.83,2083.0,3517.0,0.5923
SPY,2025-11-27,3,428,484,521,56,37,20.82,2082.0,3518.0,0.5918
SPY,2025-11-27,3,428,484,497,56,13,20.81,2081.0,3519.0,0.5914
SPY,2025-11-29,5,422,497,540,75,43,27.87,2787.0,4713.0,0.5913
SPY,2025-12-01,7,428,484,515,56,31,20.79,2079.0,3521.0,0.5905
SPY,2025-11-29,5,422,497,521,75,24,27.82,2782.0,4718.0,0.5897
SPY,2025-11-27,3,428,484,534,56,50,20.73,2073.0,3527.0,0.5878
SPY,2025-12-01,7,422,497,503,75,6,27.75,2775.0,4725.0,0.5873
SPY,2025-11-29,5,422,497,528,75,31,27.73,2773.0,4727.0,0.5866
SPY,2025-11-29,5,422,497,534,75,37,27.72,2772.0,4728.0,0.5863
SPY,2025-11-29,5,422,497,515,75,18,27.51,2751.0,4749.0,0.5793
SPY,2025-12-01,7,422,497,509,75,12,27.48,2748.0,4752.0,0.5783
SPY,2025-12-01,7,422,497,528,75,31,27.44,2744.0,4756.0,0.577
SPY,2025-12-01,7,422,497,521,75,24,27.42,2742.0,4758.0,0.5763
SPY,2025-12-01,7,422,497,534,75,37,27.34,2734.0,4766.0,0.5736
SPY,2025-12-01,7,422,497,515,75,18,27.3,2730.0,4770.0,0.5723
SPY,2025-12-01,7,422,497,540,75,43,27.24,2724.0,4776.0,0.5704
SPY,2025-11-29,5,428,490,503,62,13,21.83,2183.0,4017.0,0.5434
SPY,2025-11-27,3,422,503,509,81,6,28.31,2831.0,5269.0,0.5373
SPY,2025-11-27,3,422,503,528,81,25,28.3,2830.0,5270.0,0.537
SPY,2025-11-27,3,422,503,515,81,12,28.28,2828.0,5272.0,0.5364
SPY,2025-11-27,3,422,503,540,81,37,28.15,2815.0,5285.0,0.5326
SPY,2025-11-27,3,422,503,521,81,18,28.11,2811.0,5289.0,0.5315
SPY,2025-11-29,5,428,490,509,62,19,21.49,2149.0,4051.0,0.5305
SPY,2025-11-29,5,428,490,497,62,7,21.49,2149.0,4051.0,0.5305
SPY,2025-11-27,3,422,503,534,81,31,28.02,2802.0,5298.0,0.5289
SPY,2025-11-29,5,428,490,540,62,50,21.43,2143.0,4057.0,0.5282
SPY,2025-11-29,5,428,490,521,62,31,21.38,2138.0,4062.0,0.5263
SPY,2025-11-29,5,428,490,528,62,38,21.29,2129.0,4071.0,0.523
SPY,2025-11-29,5,428,490,534,62,44,21.28,2128.0,4072.0,0.5226
SPY,2025-11-27,3,428,490,509,62,19,21.24,2124.0,4076.0,0.5211
SPY,2025-11-27,3,428,490,528,62,38,21.23,2123.0,4077.0,0.5207
SPY,2025-11-27,3,428,490,515,62,25,21.21,2121.0,4079.0,0.52
SPY,2025-11-27,3,428,490,503,62,13,21.15,2115.0,4085.0,0.5177
SPY,2025-12-01,7,422,503,509,81,6,27.62,2762.0,5338.0,0.5174
SPY,2025-12-01,7,422,503,528,81,25,27.58,2758.0,5342.0,0.5163
SPY,2025-12-01,7,422,503,521,81,18,27.56,2756.0,5344.0,0.5157
SPY,2025-11-27,3,428,490,540,62,50,21.08,2108.0,4092.0,0.5152
SPY,2025-11-29,5,428,490,515,62,25,21.07,2107.0,4093.0,0.5148
SPY,2025-11-27,3,428,490,521,62,31,21.04,2104.0,4096.0,0.5137
SPY,2025-12-01,7,422,503,534,81,31,27.48,2748.0,5352.0,0.5135
SPY,2025-11-27,3,428,490,497,62,7,21.03,2103.0,4097.0,0.5133
SPY,2025-12-01,7,422,503,515,81,12,27.44,2744.0,5356.0,0.5123
SPY,2025-12-01,7,422,503,540,81,37,27.38,2738.0,5362.0,0.5106
SPY,2025-11-27,3,428,490,534,62,44,20.95,2095.0,4105.0,0.5104
SPY,2025-11-29,5,422,503,509,81,6,27.23,2723.0,5377.0,0.5064
SPY,2025-11-29,5,422,503,540,81,37,27.17,2717.0,5383.0,0.5047
SPY,2025-11-29,5,422,503,521,81,18,27.12,2712.0,5388.0,0.5033
SPY,2025-11-29,5,422,503,528,81,25,27.03,2703.0,5397.0,0.5008
SPY,2025-11-29,5,422,503,534,81,31,27.02,2702.0,5398.0,0.5006
SPY,2025-11-29,5,422,503,515,81,12,26.81,2681.0,5419.0,0.4947
SPY,2025-11-29,5,428,497,503,69,6,22.65,2265.0,4635.0,0.4887
SPY,2025-12-01,7,434,484,490,50,6,16.39,1639.0,3361.0,0.4877
SPY,2025-12-01,7,428,490,497,62,7,20.17,2017.0,4183.0,0.4822
SPY,2025-12-01,7,428,490,503,62,13,20.1,2010.0,4190.0,0.4797
SPY,2025-11-27,3,428,497,509,69,12,22.36,2236.0,4664.0,0.4794
SPY,2025-11-27,3,428,497,528,69,31,22.35,2235.0,4665.0,0.4791
SPY,2025-11-27,3,428,497,515,69,18,22.33,2233.0,4667.0,0.4785
SPY,2025-11-29,5,428,497,509,69,12,22.31,2231.0,4669.0,0.4778
SPY,2025-11-27,3,428,497,503,69,6,22.27,2227.0,4673.0,0.4766
SPY,2025-11-29,5,428,497,540,69,43,22.25,2225.0,4675.0,0.4759
SPY,2025-11-27,3,428,497,540,69,43,22.2,2220.0,4680.0,0.4744
SPY,2025-11-29,5,428,497,521,69,24,22.2,2220.0,4680.0,0.4744
SPY,2025-11-27,3,428,497,521,69,24,22.16,2216.0,4684.0,0.4731
SPY,2025-11-29,5,428,497,528,69,31,22.11,2211.0,4689.0,0.4715
SPY,2025-11-29,5,428,497,534,69,37,22.1,2210.0,4690.0,0.4712
SPY,2025-11-27,3,428,497,534,69,37,22.07,2207.0,4693.0,0.4703
SPY,2025-12-01,7,428,490,509,62,19,19.83,1983.0,4217.0,0.4702
SPY,2025-12-01,7,428,490,528,62,38,19.79,1979.0,4221.0,0.4688
SPY,2025-11-29,5,434,484,490,50,6,15.95,1595.0,3405.0,0.4684
SPY,2025-12-01,7,428,490,521,62,31,19.77,1977.0,4223.0,0.4682
SPY,2025-11-29,5,434,484,503,50,19,15.89,1589.0,3411.0,0.4658
SPY,2025-12-01,7,428,490,534,62,44,19.69,1969.0,4231.0,0.4654
SPY,2025-11-29,5,428,497,515,69,18,21.89,2189.0,4711.0,0.4647
SPY,2025-12-01,7,428,490,515,62,25,19.65,1965.0,4235.0,0.464
SPY,2025-12-01,7,434,484,497,50,13,15.8,1580.0,3420.0,0.462
SPY,2025-12-01,7,428,490,540,62,50,19.59,1959.0,4241.0,0.4619
SPY,2025-12-01,7,434,484,503,50,19,15.73,1573.0,3427.0,0.459
SPY,2025-11-29,5,434,484,497,50,13,15.55,1555.0,3445.0,0.4514
SPY,2025-11-29,5,434,484,509,50,25,15.55,1555.0,3445.0,0.4514
SPY,2025-12-01,7,434,484,509,50,25,15.46,1546.0,3454.0,0.4476
SPY,2025-12-01,7,428,497,503,69,6,21.32,2132.0,4768.0,0.4471
SPY,2025-11-29,5,434,484,521,50,37,15.44,1544.0,3456.0,0.4468
SPY,2025-12-01,7,434,484,528,50,44,15.42,1542.0,3458.0,0.4459
SPY,2025-12-01,7,434,484,521,50,37,15.4,1540.0,3460.0,0.4451
SPY,2025-11-29,5,434,484,528,50,44,15.35,1535.0,3465.0,0.443
SPY,2025-11-27,3,434,484,490,50,6,15.3,1530.0,3470.0,0.4409
SPY,2025-12-01,7,434,484,515,50,31,15.28,1528.0,3472.0,0.4401
SPY,2025-12-01,7,428,497,509,69,12,21.05,2105.0,4795.0,0.439
SPY,2025-12-01,7,428,497,528,69,31,21.01,2101.0,4799.0,0.4378
SPY,2025-12-01,7,428,497,521,69,24,20.99,2099.0,4801.0,0.4372
SPY,2025-12-01,7,428,497,534,69,37,20.91,2091.0,4809.0,0.4348
SPY,2025-11-29,5,434,484,515,50,31,15.13,1513.0,3487.0,0.4339
SPY,2025-12-01,7,428,497,515,69,18,20.87,2087.0,4813.0,0.4336
SPY,2025-12-01,7,428,497,540,69,43,20.81,2081.0,4819.0,0.4318
SPY,2025-11-27,3,434,484,509,50,25,14.96,1496.0,3504.0,0.4269
SPY,2025-11-27,3,434,484,528,50,44,14.95,1495.0,3505.0,0.4265
SPY,2025-11-27,3,434,484,515,50,31,14.93,1493.0,3507.0,0.4257
SPY,2025-11-27,3,434,484,503,50,19,14.87,1487.0,3513.0,0.4233
SPY,2025-11-27,3,434,484,521,50,37,14.76,1476.0,3524.0,0.4188
SPY,2025-11-27,3,434,484,497,50,13,14.75,1475.0,3525.0,0.4184
SPY,2025-11-27,3,428,503,509,75,6,22.12,2212.0,5288.0,0.4183
SPY,2025-11-27,3,428,503,528,75,25,22.11,2211.0,5289.0,0.418
SPY,2025-11-27,3,428,503,515,75,12,22.09,2209.0,5291.0,0.4175
SPY,2025-11-27,3,428,503,540,75,37,21.96,2196.0,5304.0,0.414
SPY,2025-11-27,3,428,503,521,75,18,21.92,2192.0,5308.0,0.413
SPY,2025-11-27,3,428,503,534,75,31,21.83,2183.0,5317.0,0.4106
SPY,2025-11-29,5,428,503,509,75,6,21.61,2161.0,5339.0,0.4048
SPY,2025-11-29,5,428,503,540,75,37,21.55,2155.0,5345.0,0.4032
SPY,2025-11-29,5,428,503,521,75,18,21.5,2150.0,5350.0,0.4019
SPY,2025-11-29,5,428,503,528,75,25,21.41,2141.0,5359.0,0.3995
SPY,2025-11-29,5,428,503,534,75,31,21.4,2140.0,5360.0,0.3993
SPY,2025-12-01,7,428,503,509,75,6,21.19,2119.0,5381.0,0.3938
SPY,2025-11-29,5,428,503,515,75,12,21.19,2119.0,5381.0,0.3938
SPY,2025-12-01,7,428,503,528,75,25,21.15,2115.0,5385.0,0.3928
SPY,2025-12-01,7,428,503,521,75,18,21.13,2113.0,5387.0,0.3922
SPY,2025-12-01,7,428,503,534,75,31,21.05,2105.0,5395.0,0.3902
SPY,2025-12-01,7,428,503,515,75,12,21.01,2101.0,5399.0,0.3891
SPY,2025-12-01,7,428,503,540,75,37,20.95,2095.0,5405.0,0.3876
SPY,2025-11-29,5,434,484,540,50,56,15.49,1549.0,4051.0,0.3824
SPY,2025-11-29,5,434,490,503,56,13,15.39,1539.0,4061.0,0.379
SPY,2025-12-01,7,434,484,540,50,56,15.22,1522.0,4078.0,0.3732
SPY,2025-11-27,3,434,490,509,56,19,15.18,1518.0,4082.0,0.3719
SPY,2025-11-27,3,434,490,528,56,38,15.17,1517.0,4083.0,0.3715
SPY,2025-11-27,3,434,490,515,56,25,15.15,1515.0,4085.0,0.3709
SPY,2025-11-27,3,434,490,503,56,13,15.09,1509.0,4091.0,0.3689
SPY,2025-11-29,5,434,490,509,56,19,15.05,1505.0,4095.0,0.3675
SPY,2025-11-29,5,434,490,497,56,7,15.05,1505.0,4095.0,0.3675
SPY,2025-11-27,3,434,490,540,56,50,15.02,1502.0,4098.0,0.3665
SPY,2025-11-29,5,434,490,540,56,50,14.99,1499.0,4101.0,0.3655
SPY,2025-11-27,3,434,490,521,56,31,14.98,1498.0,4102.0,0.3652
SPY,2025-11-27,3,434,490,497,56,7,14.97,1497.0,4103.0,0.3649
SPY,2025-11-29,5,434,490,521,56,31,14.94,1494.0,4106.0,0.3639
SPY,2025-11-27,3,434,490,534,56,44,14.89,1489.0,4111.0,0.3622
SPY,2025-11-29,5,434,490,528,56,38,14.85,1485.0,4115.0,0.3609
SPY,2025-11-29,5,434,490,534,56,44,14.84,1484.0,4116.0,0.3605
SPY,2025-11-27,3,434,484,540,50,56,14.8,1480.0,4120.0,0.3592
SPY,2025-12-01,7,434,490,497,56,7,14.66,1466.0,4134.0,0.3546
SPY,2025-11-29,5,434,490,515,56,25,14.63,1463.0,4137.0,0.3536
SPY,2025-12-01,7,434,490,503,56,13,14.59,1459.0,4141.0,0.3523
SPY,2025-11-27,3,434,497,509,63,12,16.3,1630.0,4670.0,0.349
SPY,2025-11-27,3,434,497,528,63,31,16.29,1629.0,4671.0,0.3487
SPY,2025-11-27,3,434,497,515,63,18,16.27,1627.0,4673.0,0.3482
SPY,2025-11-27,3,434,497,503,63,6,16.21,1621.0,4679.0,0.3464
SPY,2025-11-29,5,434,497,503,63,6,16.21,1621.0,4679.0,0.3464
SPY,2025-11-27,3,434,497,540,63,43,16.14,1614.0,4686.0,0.3444
SPY,2025-12-01,7,434,490,509,56,19,14.32,1432.0,4168.0,0.3436
SPY,2025-11-27,3,434,497,521,63,24,16.1,1610.0,4690.0,0.3433
SPY,2025-12-01,7,434,490,528,56,38,14.28,1428.0,4172.0,0.3423
SPY,2025-12-01,7,434,490,521,56,31,14.26,1426.0,4174.0,0.3416
SPY,2025-11-27,3,434,497,534,63,37,16.01,1601.0,4699.0,0.3407
SPY,2025-12-01,7,434,490,534,56,44,14.18,1418.0,4182.0,0.3391
SPY,2025-12-01,7,434,490,515,56,25,14.14,1414.0,4186.0,0.3378
SPY,2025-11-29,5,434,497,509,63,12,15.87,1587.0,4713.0,0.3367
SPY,2025-12-01,7,434,490,540,56,50,14.08,1408.0,4192.0,0.3359
SPY,2025-11-29,5,434,497,540,63,43,15.81,1581.0,4719.0,0.335
SPY,2025-12-01,7,434,497,503,63,6,15.81,1581.0,4719.0,0.335
SPY,2025-11-29,5,434,497,521,63,24,15.76,1576.0,4724.0,0.3336
SPY,2025-11-29,5,434,497,528,63,31,15.67,1567.0,4733.0,0.3311
SPY,2025-11-29,5,434,497,534,63,37,15.66,1566.0,4734.0,0.3308
SPY,2025-12-01,7,434,497,509,63,12,15.54,1554.0,4746.0,0.3274
SPY,2025-12-01,7,434,497,528,63,31,15.5,1550.0,4750.0,0.3263
SPY,2025-12-01,7,434,497,521,63,24,15.48,1548.0,4752.0,0.3258
SPY,2025-11-29,5,434,497,515,63,18,15.45,1545.0,4755.0,0.3249
SPY,2025-12-01,7,434,497,534,63,37,15.4,1540.0,4760.0,0.3235
SPY,2025-12-01,7,434,497,515,63,18,15.36,1536.0,4764.0,0.3224
SPY,2025-12-01,7,434,497,540,63,43,15.3,1530.0,4770.0,0.3208
SPY,2025-11-27,3,434,503,509,69,6,16.06,1606.0,5294.0,0.3034
SPY,2025-11-27,3,434,503,528,69,25,16.05,1605.0,5295.0,0.3031
SPY,2025-11-27,3,434,503,515,69,12,16.03,1603.0,5297.0,0.3026
SPY,2025-11-27,3,434,503,540,69,37,15.9,1590.0,5310.0,0.2994
SPY,2025-11-27,3,434,503,521,69,18,15.86,1586.0,5314.0,0.2985
SPY,2025-11-27,3,434,503,534,69,31,15.77,1577.0,5323.0,0.2963
SPY,2025-12-01,7,434,503,509,69,6,15.68,1568.0,5332.0,0.2941
SPY,2025-12-01,7,434,503,528,69,25,15.64,1564.0,5336.0,0.2931
SPY,2025-12-01,7,434,503,521,69,18,15.62,1562.0,5338.0,0.2926
SPY,2025-12-01,7,434,503,534,69,31,15.54,1554.0,5346.0,0.2907
SPY,2025-12-01,7,434,503,515,69,12,15.5,1550.0,5350.0,0.2897
SPY,2025-12-01,7,434,503,540,69,37,15.44,1544.0,5356.0,0.2883
SPY,2025-11-29,5,434,503,509,69,6,15.17,1517.0,5383.0,0.2818
SPY,2025-11-29,5,434,503,540,69,37,15.11,1511.0,5389.0,0.2804
SPY,2025-11-29,5,434,503,521,69,18,15.06,1506.0,5394.0,0.2792
SPY,2025-11-29,5,441,484,490,43,6,9.35,935.0,3365.0,0.2779
SPY,2025-11-29,5,434,503,528,69,25,14.97,1497.0,5403.0,0.2771
SPY,2025-11-29,5,434,503,534,69,31,14.96,1496.0,5404.0,0.2768
SPY,2025-11-29,5,441,484,503,43,19,9.29,929.0,3371.0,0.2756
SPY,2025-11-29,5,434,503,515,69,12,14.75,1475.0,5425.0,0.2719
SPY,2025-12-01,7,441,484,490,43,6,9.05,905.0,3395.0,0.2666
SPY,2025-11-29,5,441,484,509,43,25,8.95,895.0,3405.0,0.2628
SPY,2025-11-29,5,441,484,497,43,13,8.95,895.0,3405.0,0.2628
SPY,2025-11-29,5,441,484,521,43,37,8.84,884.0,3416.0,0.2588
SPY,2025-11-29,5,441,484,528,43,44,8.75,875.0,3525.0,0.2482
SPY,2025-11-29,5,441,484,515,43,31,8.53,853.0,3447.0,0.2475
SPY,2025-12-01,7,441,484,497,43,13,8.46,846.0,3454.0,0.2449
SPY,2025-12-01,7,441,484,503,43,19,8.39,839.0,3461.0,0.2424
SPY,2025-11-27,3,441,484,490,43,6,8.25,825.0,3475.0,0.2374
SPY,2025-12-01,7,441,484,509,43,25,8.12,812.0,3488.0,0.2328
SPY,2025-12-01,7,441,484,521,43,37,8.06,806.0,3494.0,0.2307
SPY,2025-12-01,7,441,484,515,43,31,7.94,794.0,3506.0,0.2265
SPY,2025-11-27,3,441,484,509,43,25,7.91,791.0,3509.0,0.2254
SPY,2025-12-01,7,441,484,528,43,44,8.08,808.0,3592.0,0.2249
SPY,2025-11-27,3,441,484,515,43,31,7.88,788.0,3512.0,0.2244
SPY,2025-11-27,3,441,484,503,43,19,7.82,782.0,3518.0,0.2223
SPY,2025-11-27,3,441,484,528,43,44,7.9,790.0,3610.0,0.2188
SPY,2025-11-29,5,441,490,503,49,13,8.79,879.0,4021.0,0.2186
SPY,2025-11-27,3,441,484,521,43,37,7.71,771.0,3529.0,0.2185
SPY,2025-11-27,3,441,484,497,43,13,7.7,770.0,3530.0,0.2181
SPY,2025-11-29,5,441,484,534,43,50,8.74,874.0,4126.0,0.2118
SPY,2025-11-29,5,441,490,497,49,7,8.45,845.0,4055.0,0.2084
SPY,2025-11-29,5,441,490,509,49,19,8.45,845.0,4055.0,0.2084
SPY,2025-11-29,5,441,497,503,56,6,9.61,961.0,4639.0,0.2072
SPY,2025-11-29,5,441,490,521,49,31,8.34,834.0,4066.0,0.2051
SPY,2025-11-29,5,441,490,528,49,38,8.25,825.0,4075.0,0.2025
SPY,2025-11-29,5,441,490,534,49,44,8.24,824.0,4076.0,0.2022
SPY,2025-11-29,5,441,490,540,49,50,8.39,839.0,4161.0,0.2016
SPY,2025-11-27,3,441,490,509,49,19,8.13,813.0,4087.0,0.1989
SPY,2025-11-27,3,441,490,528,49,38,8.12,812.0,4088.0,0.1986
SPY,2025-11-29,5,441,497,509,56,12,9.27,927.0,4673.0,0.1984
SPY,2025-11-27,3,441,490,515,49,25,8.1,810.0,4090.0,0.198
SPY,2025-11-27,3,441,497,509,56,12,9.25,925.0,4675.0,0.1979
SPY,2025-11-27,3,441,497,528,56,31,9.24,924.0,4676.0,0.1976
SPY,2025-11-27,3,441,497,515,56,18,9.22,922.0,4678.0,0.1971
SPY,2025-11-29,5,441,497,540,56,43,9.21,921.0,4679.0,0.1968
SPY,2025-11-27,3,441,490,503,49,13,8.04,804.0,4096.0,0.1963
SPY,2025-11-29,5,441,490,515,49,25,8.03,803.0,4097.0,0.196
SPY,2025-11-27,3,441,497,503,56,6,9.16,916.0,4684.0,0.1956
SPY,2025-11-29,5,441,497,521,56,24,9.16,916.0,4684.0,0.1956
SPY,2025-11-27,3,441,497,540,56,43,9.09,909.0,4691.0,0.1938
SPY,2025-11-29,5,441,497,528,56,31,9.07,907.0,4693.0,0.1933
SPY,2025-11-27,3,441,490,521,49,31,7.93,793.0,4107.0,0.1931
SPY,2025-11-29,5,441,497,534,56,37,9.06,906.0,4694.0,0.193
SPY,2025-11-27,3,441,490,497,49,7,7.92,792.0,4108.0,0.1928
SPY,2025-11-27,3,441,497,521,56,24,9.05,905.0,4695.0,0.1928
SPY,2025-11-27,3,441,497,534,56,37,8.96,896.0,4704.0,0.1905
SPY,2025-11-27,3,441,490,534,49,44,7.84,784.0,4116.0,0.1905
SPY,2025-12-01,7,441,484,534,43,50,7.98,798.0,4202.0,0.1899
SPY,2025-11-27,3,441,490,540,49,50,7.97,797.0,4203.0,0.1896
SPY,2025-11-29,5,441,484,540,43,56,8.89,889.0,4711.0,0.1887
SPY,2025-11-29,5,441,497,515,56,18,8.85,885.0,4715.0,0.1877
SPY,2025-11-27,3,441,484,534,43,50,7.62,762.0,4238.0,0.1798
SPY,2025-12-01,7,441,497,503,56,6,8.47,847.0,4753.0,0.1782
SPY,2025-12-01,7,441,490,497,49,7,7.32,732.0,4168.0,0.1756
SPY,2025-12-01,7,441,490,503,49,13,7.25,725.0,4175.0,0.1737
SPY,2025-12-01,7,441,497,509,56,12,8.2,820.0,4780.0,0.1715
SPY,2025-12-01,7,441,497,528,56,31,8.16,816.0,4784.0,0.1706
SPY,2025-12-01,7,441,497,521,56,24,8.14,814.0,4786.0,0.1701
SPY,2025-11-27,3,441,503,509,62,6,9.01,901.0,5299.0,0.17
SPY,2025-11-27,3,441,503,528,62,25,9.0,900.0,5300.0,0.1698
SPY,2025-11-27,3,441,503,515,62,12,8.98,898.0,5302.0,0.1694
SPY,2025-12-01,7,441,497,534,56,37,8.06,806.0,4794.0,0.1681
SPY,2025-12-01,7,441,497,515,56,18,8.02,802.0,4798.0,0.1672
SPY,2025-11-27,3,441,503,540,62,37,8.85,885.0,5315.0,0.1665
SPY,2025-12-01,7,441,490,509,49,19,6.98,698.0,4202.0,0.1661
SPY,2025-12-01,7,441,497,540,56,43,7.96,796.0,4804.0,0.1657
SPY,2025-11-27,3,441,503,521,62,18,8.81,881.0,5319.0,0.1656
SPY,2025-12-01,7,441,490,528,49,38,6.94,694.0,4206.0,0.165
SPY,2025-12-01,7,441,490,521,49,31,6.92,692.0,4208.0,0.1644
SPY,2025-12-01,7,441,484,540,43,56,7.88,788.0,4812.0,0.1638
SPY,2025-11-27,3,441,503,534,62,31,8.72,872.0,5328.0,0.1637
SPY,2025-12-01,7,441,490,534,49,44,6.84,684.0,4216.0,0.1622
SPY,2025-12-01,7,441,490,515,49,25,6.8,680.0,4220.0,0.1611
SPY,2025-11-27,3,441,484,540,43,56,7.75,775.0,4825.0,0.1606
SPY,2025-11-29,5,441,503,509,62,6,8.57,857.0,5343.0,0.1604
SPY,2025-11-29,5,441,503,540,62,37,8.51,851.0,5349.0,0.1591
SPY,2025-11-29,5,441,503,521,62,18,8.46,846.0,5354.0,0.158
SPY,2025-11-29,5,441,503,528,62,25,8.37,837.0,5363.0,0.1561
SPY,2025-11-29,5,441,503,534,62,31,8.36,836.0,5364.0,0.1559
SPY,2025-12-01,7,441,490,540,49,50,6.74,674.0,4326.0,0.1558
SPY,2025-12-01,7,441,503,509,62,6,8.34,834.0,5366.0,0.1554
SPY,2025-12-01,7,441,503,528,62,25,8.3,830.0,5370.0,0.1546
SPY,2025-12-01,7,441,503,521,62,18,8.28,828.0,5372.0,0.1541
SPY,2025-12-01,7,441,503,534,62,31,8.2,820.0,5380.0,0.1524
SPY,2025-12-01,7,441,503,515,62,12,8.16,816.0,5384.0,0.1516
SPY,2025-11-29,5,441,503,515,62,12,8.15,815.0,5385.0,0.1513
SPY,2025-12-01,7,441,503,540,62,37,8.1,810.0,5390.0,0.1503
SPY,2025-12-01,7,447,484,490,37,6,3.51,351.0,3349.0,0.1048
SPY,2025-11-29,5,447,484,490,37,6,3.07,307.0,3393.0,0.0905
SPY,2025-11-29,5,447,484,503,37,19,3.01,301.0,3399.0,0.0886
SPY,2025-12-01,7,447,484,497,37,13,2.92,292.0,3408.0,0.0857
SPY,2025-12-01,7,447,484,503,37,19,2.85,285.0,3415.0,0.0835
SPY,2025-11-29,5,447,484,497,37,13,2.67,267.0,3433.0,0.0778
SPY,2025-11-29,5,447,484,509,37,25,2.67,267.0,3433.0,0.0778
SPY,2025-12-01,7,447,484,509,37,25,2.58,258.0,3442.0,0.075
SPY,2025-11-27,3,447,497,509,50,12,3.37,337.0,4663.0,0.0723
SPY,2025-11-27,3,447,497,528,50,31,3.36,336.0,4664.0,0.072
SPY,2025-11-27,3,447,497,515,50,18,3.34,334.0,4666.0,0.0716
SPY,2025-11-29,5,447,497,503,50,6,3.33,333.0,4667.0,0.0714
SPY,2025-11-27,3,447,497,503,50,6,3.28,328.0,4672.0,0.0702
SPY,2025-12-01,7,447,484,515,37,31,2.4,240.0,3460.0,0.0694
SPY,2025-11-27,3,447,497,540,50,43,3.21,321.0,4679.0,0.0686
SPY,2025-11-27,3,447,484,490,37,6,2.37,237.0,3463.0,0.0684
SPY,2025-11-27,3,447,497,521,50,24,3.17,317.0,4683.0,0.0677
SPY,2025-11-27,3,447,497,534,50,37,3.08,308.0,4692.0,0.0656
SPY,2025-11-29,5,447,484,515,37,31,2.25,225.0,3475.0,0.0647
SPY,2025-11-29,5,447,497,509,50,12,2.99,299.0,4701.0,0.0636
SPY,2025-11-29,5,447,497,540,50,43,2.93,293.0,4707.0,0.0622
SPY,2025-12-01,7,447,497,503,50,6,2.93,293.0,4707.0,0.0622
SPY,2025-11-29,5,447,490,503,43,13,2.51,251.0,4049.0,0.062
SPY,2025-12-01,7,447,484,528,37,44,2.54,254.0,4146.0,0.0613
SPY,2025-11-29,5,447,497,521,50,24,2.88,288.0,4712.0,0.0611
SPY,2025-11-29,5,447,484,528,37,44,2.47,247.0,4153.0,0.0595
SPY,2025-11-27,3,447,503,509,56,6,3.13,313.0,5287.0,0.0592
SPY,2025-11-29,5,447,497,528,50,31,2.79,279.0,4721.0,0.0591
SPY,2025-11-27,3,447,503,528,56,25,3.12,312.0,5288.0,0.059
SPY,2025-11-29,5,447,497,534,50,37,2.78,278.0,4722.0,0.0589
SPY,2025-11-27,3,447,503,515,56,12,3.1,310.0,5290.0,0.0586
SPY,2025-11-27,3,447,484,509,37,25,2.03,203.0,3497.0,0.058
SPY,2025-11-27,3,447,484,515,37,31,2.0,200.0,3500.0,0.0571
SPY,2025-12-01,7,447,497,509,50,12,2.66,266.0,4734.0,0.0562
SPY,2025-11-27,3,447,503,540,56,37,2.97,297.0,5303.0,0.056
SPY,2025-12-01,7,447,497,528,50,31,2.62,262.0,4738.0,0.0553
SPY,2025-11-27,3,447,484,503,37,19,1.94,194.0,3506.0,0.0553
SPY,2025-11-27,3,447,503,521,56,18,2.93,293.0,5307.0,0.0552
SPY,2025-11-27,3,447,490,509,43,19,2.25,225.0,4075.0,0.0552
SPY,2025-11-27,3,447,490,528,43,38,2.24,224.0,4076.0,0.055
SPY,2025-12-01,7,447,497,521,50,24,2.6,260.0,4740.0,0.0549
SPY,2025-11-27,3,447,490,515,43,25,2.22,222.0,4078.0,0.0544
SPY,2025-11-29,5,447,497,515,50,18,2.57,257.0,4743.0,0.0542
SPY,2025-11-27,3,447,503,534,56,31,2.84,284.0,5316.0,0.0534
SPY,2025-11-29,5,447,490,509,43,19,2.17,217.0,4083.0,0.0531
SPY,2025-12-01,7,447,497,534,50,37,2.52,252.0,4748.0,0.0531
SPY,2025-11-29,5,447,490,497,43,7,2.17,217.0,4083.0,0.0531
SPY,2025-11-27,3,447,490,503,43,13,2.16,216.0,4084.0,0.0529
SPY,2025-12-01,7,447,503,509,56,6,2.8,280.0,5320.0,0.0526
SPY,2025-12-01,7,447,497,515,50,18,2.48,248.0,4752.0,0.0522
SPY,2025-12-01,7,447,503,528,56,25,2.76,276.0,5324.0,0.0518
SPY,2025-11-29,5,447,484,534,37,50,2.46,246.0,4754.0,0.0517
SPY,2025-11-27,3,447,484,497,37,13,1.82,182.0,3518.0,0.0517
SPY,2025-12-01,7,447,503,521,56,18,2.74,274.0,5326.0,0.0514
SPY,2025-12-01,7,447,484,534,37,50,2.44,244.0,4756.0,0.0513
SPY,2025-12-01,7,447,497,540,50,43,2.42,242.0,4758.0,0.0509
SPY,2025-11-29,5,447,490,521,43,31,2.06,206.0,4094.0,0.0503
SPY,2025-11-27,3,447,490,521,43,31,2.05,205.0,4095.0,0.0501
SPY,2025-12-01,7,447,503,534,56,31,2.66,266.0,5334.0,0.0499
SPY,2025-11-27,3,447,490,497,43,7,2.04,204.0,4096.0,0.0498
SPY,2025-12-01,7,447,503,515,56,12,2.62,262.0,5338.0,0.0491
SPY,2025-11-29,5,447,484,540,37,56,2.61,261.0,5339.0,0.0489
SPY,2025-11-27,3,447,484,528,37,44,2.02,202.0,4198.0,0.0481
SPY,2025-11-29,5,447,490,528,43,38,1.97,197.0,4103.0,0.048
SPY,2025-12-01,7,447,503,540,56,37,2.56,256.0,5344.0,0.0479
SPY,2025-11-29,5,447,490,534,43,44,1.96,196.0,4204.0,0.0466
SPY,2025-11-27,3,447,490,534,43,44,1.96,196.0,4204.0,0.0466
SPY,2025-11-29,5,447,490,540,43,50,2.11,211.0,4789.0,0.0441
SPY,2025-12-01,7,447,484,540,37,56,2.34,234.0,5366.0,0.0436
SPY,2025-11-27,3,447,490,540,43,50,2.09,209.0,4791.0,0.0436
SPY,2025-12-01,7,447,490,497,43,7,1.78,178.0,4122.0,0.0432
SPY,2025-11-29,5,447,503,509,56,6,2.29,229.0,5371.0,0.0426
SPY,2025-11-29,5,447,490,515,43,25,1.75,175.0,4125.0,0.0424
SPY,2025-11-29,5,447,503,540,56,37,2.23,223.0,5377.0,0.0415
SPY,2025-12-01,7,447,490,503,43,13,1.71,171.0,4129.0,0.0414
SPY,2025-11-29,5,447,503,521,56,18,2.18,218.0,5382.0,0.0405
SPY,2025-11-29,5,447,503,528,56,25,2.09,209.0,5391.0,0.0388
SPY,2025-11-29,5,447,503,534,56,31,2.08,208.0,5392.0,0.0386
SPY,2025-11-27,3,447,484,534,37,50,1.74,174.0,4826.0,0.0361
SPY,2025-12-01,7,447,490,509,43,19,1.44,144.0,4156.0,0.0346
SPY,2025-11-27,3,447,484,540,37,56,1.87,187.0,5413.0,0.0345
SPY,2025-11-29,5,447,503,515,56,12,1.87,187.0,5413.0,0.0345
SPY,2025-12-01,7,447,490,528,43,38,1.4,140.0,4160.0,0.0337
SPY,2025-12-01,7,447,490,521,43,31,1.38,138.0,4162.0,0.0332
SPY,2025-12-01,7,447,490,534,43,44,1.3,130.0,4270.0,0.0304
SPY,2025-12-01,7,447,490,515,43,25,1.26,126.0,4174.0,0.0302
SPY,2025-12-01,7,447,490,540,43,50,1.2,120.0,4880.0,0.0246
